time,temp
2025-04-04-02:59:04,12.76
2025-04-04-03:21:36,12.48
2025-04-04-03:46:43,13.76
2025-04-04-03:58:19,13.76
2025-04-04-04:29:54,14.76
2025-04-04-04:47:25,14.76
2025-04-04-04:58:53,14.76
2025-04-04-05:27:02,14.76
2025-04-04-05:42:54,14.76
2025-04-04-05:54:45,14.76
2025-04-04-06:29:14,14.76
2025-04-04-06:49:15,14.76
2025-04-04-07:09:16,14.76
2025-04-04-07:27:56,14.53
2025-04-04-07:41:42,14.76
2025-04-04-07:53:15,14.76
2025-04-04-08:22:29,13.27
2025-04-04-08:44:02,13.76
2025-04-04-08:56:00,13.76
2025-04-04-09:25:05,11.76
2025-04-04-09:40:49,11.76
2025-04-04-09:52:44,11.76
2025-04-04-10:17:14,11.13
2025-04-04-10:39:38,9.76
2025-04-04-10:51:30,9.76
2025-04-04-11:12:41,9.76
2025-04-04-11:28:30,7.76
2025-04-04-11:41:36,7.76
2025-04-04-11:53:38,7.76
2025-04-04-12:35:45,6.76
2025-04-04-13:06:40,6.76
2025-04-04-13:35:21,5.76
2025-04-04-13:47:44,5.76
2025-04-04-13:59:24,5.76
2025-04-04-14:26:33,7.76
2025-04-04-14:43:53,7.76
2025-04-04-14:55:51,7.76
2025-04-04-15:25:29,7.76
2025-04-04-15:42:19,7.76
2025-04-04-15:54:18,7.76
2025-04-04-16:24:03,7.76
2025-04-04-16:45:50,7.76
2025-04-04-16:57:25,7.76
2025-04-04-17:22:24,9.78
2025-04-04-17:37:56,6.76
2025-04-04-17:49:59,6.76
2025-04-04-18:13:55,8.06
2025-04-04-18:41:18,7.76
2025-04-04-18:53:22,7.76
2025-04-04-19:15:08,7.78
2025-04-04-19:29:05,7.76
2025-04-04-19:40:38,7.76
2025-04-04-19:52:52,7.76
2025-04-04-20:17:33,8.47
2025-04-04-20:35:10,7.76
2025-04-04-20:47:09,7.76
2025-04-04-20:58:43,7.76
2025-04-04-21:23:17,7.76
2025-04-04-21:36:27,7.76
2025-04-04-21:48:30,7.76
2025-04-04-22:00:24,7.76
2025-04-04-22:27:10,8.76
2025-04-04-22:43:22,8.76
2025-04-04-22:55:03,8.76
2025-04-04-23:19:28,7.76
2025-04-04-23:32:57,7.76
2025-04-04-23:44:37,7.76
2025-04-04-23:56:19,7.76
2025-04-05-01:53:11,7.76
2025-04-05-02:55:52,7.76
2025-04-05-03:32:34,7.76
2025-04-05-03:50:07,7.76
2025-04-05-04:12:23,7.76
2025-04-05-04:34:49,7.76
2025-04-05-04:48:32,7.76
2025-04-05-05:00:08,7.76
2025-04-05-05:27:19,7.76
2025-04-05-05:42:41,7.76
2025-04-05-05:54:25,7.76
2025-04-05-06:25:56,9.39
2025-04-05-06:45:14,7.76
2025-04-05-06:56:46,7.76
2025-04-05-07:21:19,11.17
2025-04-05-07:35:09,7.76
2025-04-05-07:47:00,7.76
2025-04-05-07:58:44,7.76
2025-04-05-08:29:11,7.76
2025-04-05-08:45:11,7.76
2025-04-05-08:57:08,7.76
2025-04-05-09:22:56,7.76
2025-04-05-09:36:20,7.76
2025-04-05-09:48:04,7.76
2025-04-05-09:59:49,7.76
2025-04-05-10:27:53,7.76
2025-04-05-10:42:29,7.76
2025-04-05-10:54:26,7.76
2025-04-05-11:14:58,7.76
2025-04-05-11:27:13,7.76
2025-04-05-11:39:28,7.76
2025-04-05-11:51:30,7.76
2025-04-05-12:23:21,7.76
2025-04-05-12:56:42,7.76
2025-04-05-13:26:57,7.76
2025-04-05-13:40:04,7.76
2025-04-05-13:51:40,7.76
2025-04-05-14:11:21,7.76
2025-04-05-14:30:40,7.76
2025-04-05-14:42:31,7.76
2025-04-05-14:54:03,7.76
2025-04-05-15:17:24,7.89
2025-04-05-15:31:24,6.76
2025-04-05-15:43:14,6.76
2025-04-05-15:55:15,6.76
2025-04-05-16:25:05,6.76
2025-04-05-16:43:49,6.76
2025-04-05-16:55:28,6.76
2025-04-05-17:17:09,6.76
2025-04-05-17:32:16,6.76
2025-04-05-17:43:51,6.76
2025-04-05-17:55:27,6.76
2025-04-05-18:27:03,7.76
2025-04-05-18:44:09,7.76
2025-04-05-18:55:59,7.76
2025-04-05-19:16:30,6.76
2025-04-05-19:28:26,6.76
2025-04-05-19:40:09,6.76
2025-04-05-19:52:01,6.76
2025-04-05-20:14:20,7.02
2025-04-05-20:31:02,6.76
2025-04-05-20:42:37,6.76
2025-04-05-20:54:37,6.76
2025-04-05-21:18:06,6.98
2025-04-05-21:30:37,5.76
2025-04-05-21:42:18,5.76
2025-04-05-21:54:04,5.76
2025-04-05-22:16:44,7.78
2025-04-05-22:35:07,5.76
2025-04-05-22:47:05,5.76
2025-04-05-22:58:39,5.76
2025-04-05-23:24:06,7.59
2025-04-05-23:37:39,7.76
2025-04-05-23:49:14,6.76
2025-04-06-00:46:09,7.76
2025-04-06-02:22:19,11.76
2025-04-06-03:21:27,13.76
2025-04-06-03:46:27,13.76
2025-04-06-03:57:59,13.76
2025-04-06-04:31:39,13.76
2025-04-06-04:49:43,13.76
2025-04-06-05:09:07,14.05
2025-04-06-05:30:39,13.76
2025-04-06-05:42:43,13.76
2025-04-06-05:54:39,13.76
2025-04-06-06:27:41,13.76
2025-04-06-06:48:41,13.76
2025-04-06-07:06:52,13.76
2025-04-06-07:25:08,13.76
2025-04-06-07:37:34,13.76
2025-04-06-07:49:28,13.76
2025-04-06-08:10:50,13.76
2025-04-06-08:34:36,12.76
2025-04-06-08:48:49,12.76
2025-04-06-09:06:50,12.76
2025-04-06-09:28:09,11.76
2025-04-06-09:41:02,11.76
2025-04-06-09:52:53,11.76
2025-04-06-10:16:38,11.76
2025-04-06-10:37:14,9.76
2025-04-06-10:49:16,9.76
2025-04-06-11:06:44,9.76
2025-04-06-11:23:32,8.76
2025-04-06-11:36:27,8.76
2025-04-06-11:48:14,8.76
2025-04-06-11:59:48,8.76
2025-04-06-12:46:59,8.76
2025-04-06-13:13:53,9.16
2025-04-06-13:33:18,7.76
2025-04-06-13:45:13,7.76
2025-04-06-13:57:11,7.76
2025-04-06-14:21:59,8.78
2025-04-06-14:37:06,5.76
2025-04-06-14:48:54,5.76
2025-04-06-15:06:49,5.76
2025-04-06-15:27:20,3.76
2025-04-06-15:40:04,3.76
2025-04-06-15:52:02,3.76
2025-04-06-16:15:51,8.06
2025-04-06-16:38:46,3.76
2025-04-06-16:50:23,3.76
2025-04-06-17:08:59,3.76
2025-04-06-17:28:32,4.76
2025-04-06-17:41:22,4.76
2025-04-06-17:53:13,4.76
2025-04-06-18:21:10,2.76
2025-04-06-18:41:23,2.76
2025-04-06-18:53:03,2.76
2025-04-06-19:12:02,2.76
2025-04-06-19:24:30,7.15
2025-04-06-19:38:32,2.76
2025-04-06-19:50:24,2.76
2025-04-06-20:11:25,2.76
2025-04-06-20:30:35,3.76
2025-04-06-20:42:48,3.76
2025-04-06-20:54:46,3.76
2025-04-06-21:17:55,2.76
2025-04-06-21:30:34,2.76
2025-04-06-21:42:14,2.76
2025-04-06-21:53:48,2.76
2025-04-06-22:16:17,2.76
2025-04-06-22:34:30,3.76
2025-04-06-22:46:20,3.76
2025-04-06-22:57:59,3.76
2025-04-06-23:22:19,8.76
2025-04-06-23:35:14,8.76
2025-04-06-23:47:06,8.76
2025-04-06-23:58:58,8.76
2025-04-07-02:02:16,13.76
2025-04-07-03:09:15,15.76
2025-04-07-03:43:41,17.76
2025-04-07-03:56:20,17.76
2025-04-07-04:28:38,17.76
2025-04-07-04:45:52,17.76
2025-04-07-04:57:47,17.76
2025-04-07-05:26:38,18.76
2025-04-07-05:43:06,18.76
2025-04-07-05:54:43,18.76
2025-04-07-06:30:11,19.76
2025-04-07-06:51:04,19.76
2025-04-07-07:13:32,20.97
2025-04-07-07:32:20,18.76
2025-04-07-07:44:24,18.76
2025-04-07-07:56:09,18.76
2025-04-07-08:32:20,17.76
2025-04-07-08:51:22,17.76
2025-04-07-09:15:12,19.69
2025-04-07-09:35:25,16.76
2025-04-07-09:47:24,16.76
2025-04-07-09:59:05,16.76
2025-04-07-10:30:39,15.76
2025-04-07-10:47:02,15.76
2025-04-07-10:58:54,15.76
2025-04-07-11:22:02,14.76
2025-04-07-11:35:30,14.76
2025-04-07-11:47:19,14.76
2025-04-07-11:59:08,14.76
2025-04-07-12:53:05,14.76
2025-04-07-13:27:02,14.76
2025-04-07-13:46:17,14.76
2025-04-07-13:58:03,14.76
2025-04-07-14:26:50,13.21
2025-04-07-14:45:49,13.76
2025-04-07-14:57:45,13.76
2025-04-07-15:27:30,12.76
2025-04-07-15:43:34,12.76
2025-04-07-15:55:34,12.76
2025-04-07-16:27:30,11.88
2025-04-07-16:47:56,12.76
2025-04-07-16:59:56,12.76
2025-04-07-17:24:55,11.76
2025-04-07-17:40:14,11.76
2025-04-07-17:51:52,11.76
2025-04-07-18:19:31,10.18
2025-04-07-18:42:10,10.76
2025-04-07-18:54:05,10.76
2025-04-07-19:15:05,10.76
2025-04-07-19:27:12,9.76
2025-04-07-19:39:37,9.76
2025-04-07-19:51:30,9.76
2025-04-07-20:14:44,9.19
2025-04-07-20:34:26,9.76
2025-04-07-20:46:44,9.76
2025-04-07-20:58:32,9.76
2025-04-07-21:24:25,9.76
2025-04-07-21:39:51,9.76
2025-04-07-21:51:37,9.76
2025-04-07-22:13:03,9.76
2025-04-07-22:34:43,9.76
2025-04-07-22:46:37,9.76
2025-04-07-22:58:32,9.76
2025-04-07-23:24:34,10.76
2025-04-07-23:39:15,10.76
2025-04-07-23:51:18,10.76
2025-04-08-01:03:08,11.76
2025-04-08-02:39:06,14.76
2025-04-08-03:22:49,15.76
2025-04-08-03:48:18,15.76
2025-04-08-03:59:44,15.76
2025-04-08-04:31:09,16.76
2025-04-08-04:47:54,16.76
2025-04-08-04:59:37,16.76
2025-04-08-05:27:33,17.76
2025-04-08-05:43:00,17.76
2025-04-08-05:54:53,17.76
2025-04-08-06:30:20,17.76
2025-04-08-06:50:36,17.76
2025-04-08-07:11:55,17.76
2025-04-08-07:30:26,17.76
2025-04-08-07:42:21,17.76
2025-04-08-07:54:18,17.76
2025-04-08-08:26:57,17.76
2025-04-08-08:48:43,17.76
2025-04-08-09:00:49,17.76
2025-04-08-09:29:12,15.76
2025-04-08-09:44:19,15.76
2025-04-08-09:56:16,15.76
2025-04-08-10:26:33,13.76
2025-04-08-10:45:50,13.76
2025-04-08-10:57:33,13.76
2025-04-08-11:21:24,15.01
2025-04-08-11:34:58,12.76
2025-04-08-11:46:56,12.76
2025-04-08-11:58:45,12.76
2025-04-08-12:52:30,10.76
2025-04-08-13:25:50,9.76
2025-04-08-13:45:29,9.76
2025-04-08-13:57:02,9.76
2025-04-08-14:26:22,7.76
2025-04-08-14:45:56,7.76
2025-04-08-14:57:41,7.76
2025-04-08-15:28:48,6.76
2025-04-08-15:44:43,6.76
2025-04-08-15:56:36,6.76
2025-04-08-16:31:57,6.76
2025-04-08-16:51:30,6.76
2025-04-08-17:12:18,6.76
2025-04-08-17:32:53,5.76
2025-04-08-17:44:50,5.76
2025-04-08-17:56:26,5.76
2025-04-08-18:33:34,5.76
2025-04-08-18:51:13,5.76
2025-04-08-19:11:36,10.74
2025-04-08-19:26:39,10.74
2025-04-08-19:39:53,5.76
2025-04-08-19:51:52,5.76
2025-04-08-20:15:28,10.5
2025-04-08-20:35:24,6.76
2025-04-08-20:48:13,6.76
2025-04-08-20:59:45,6.76
2025-04-08-21:24:44,6.76
2025-04-08-21:39:05,6.76
2025-04-08-21:50:41,6.76
2025-04-08-22:11:16,10.54
2025-04-08-22:33:27,7.76
2025-04-08-22:45:04,7.76
2025-04-08-22:56:40,7.76
2025-04-08-23:23:25,10.76
2025-04-08-23:37:11,10.76
2025-04-08-23:49:18,10.76
2025-04-09-00:43:16,12.76
2025-04-09-02:18:31,15.34
2025-04-09-03:11:04,15.76
2025-04-09-03:44:23,16.76
2025-04-09-03:56:33,16.76
2025-04-09-04:29:20,17.76
2025-04-09-04:47:04,17.76
2025-04-09-04:58:58,17.76
2025-04-09-05:26:50,15.76
2025-04-09-05:43:03,15.76
2025-04-09-05:55:01,15.76
2025-04-09-06:31:02,14.76
2025-04-09-06:50:55,14.76
2025-04-09-07:12:40,14.76
2025-04-09-07:30:43,12.76
2025-04-09-07:42:49,12.76
2025-04-09-07:54:30,12.76
2025-04-09-08:28:46,13.76
2025-04-09-08:51:07,13.76
2025-04-09-09:14:17,16.28
2025-04-09-09:36:29,13.76
2025-04-09-09:48:57,13.76
2025-04-09-10:10:54,13.76
2025-04-09-10:41:36,11.76
2025-04-09-10:55:41,11.76
2025-04-09-11:18:35,12.78
2025-04-09-11:30:09,10.76
2025-04-09-11:41:58,10.76
2025-04-09-11:53:52,10.76
2025-04-09-12:38:19,9.76
2025-04-09-13:16:43,12.88
2025-04-09-13:42:55,9.76
2025-04-09-13:56:39,9.76
2025-04-09-14:26:53,10.76
2025-04-09-14:47:24,10.76
2025-04-09-14:59:07,10.76
2025-04-09-15:30:56,12.09
2025-04-09-15:47:08,9.76
2025-04-09-15:59:01,9.76
2025-04-09-16:33:22,9.76
2025-04-09-16:53:31,9.76
2025-04-09-17:15:40,9.76
2025-04-09-17:35:27,8.76
2025-04-09-17:47:16,8.76
2025-04-09-17:59:04,8.76
2025-04-09-18:35:56,8.76
2025-04-09-18:51:07,8.76
2025-04-09-19:10:56,8.76
2025-04-09-19:25:52,8.76
2025-04-09-19:38:41,8.76
2025-04-09-19:50:48,8.76
2025-04-09-20:13:23,9.66
2025-04-09-20:33:42,7.76
2025-04-09-20:48:44,6.76
2025-04-09-21:00:33,6.76
2025-04-09-21:23:13,5.76
2025-04-09-21:36:27,5.76
2025-04-09-21:48:11,5.76
2025-04-09-22:00:04,5.76
2025-04-09-22:26:38,6.76
2025-04-09-22:42:38,6.76
2025-04-09-22:54:08,6.76
2025-04-09-23:17:53,6.76
2025-04-09-23:31:15,9.76
2025-04-09-23:43:09,9.76
2025-04-09-23:54:38,9.76
2025-04-10-01:40:29,13.76
2025-04-10-02:53:22,15.76
2025-04-10-03:32:31,15.76
2025-04-10-03:52:50,15.76
2025-04-10-04:19:44,19.02
2025-04-10-04:42:21,17.76
2025-04-10-04:54:33,17.76
2025-04-10-05:19:52,17.76
2025-04-10-05:38:23,17.76
2025-04-10-05:50:17,17.76
2025-04-10-06:16:18,19.13
2025-04-10-06:43:53,17.76
2025-04-10-06:55:42,17.76
2025-04-10-07:22:52,16.76
2025-04-10-07:37:59,16.76
2025-04-10-07:49:47,16.76
2025-04-10-08:13:46,19.91
2025-04-10-08:40:55,15.76
2025-04-10-08:55:10,15.76
2025-04-10-09:23:20,19.07
2025-04-10-09:39:43,13.76
2025-04-10-09:51:40,13.76
2025-04-10-10:15:26,15.73
2025-04-10-10:40:04,11.76
2025-04-10-10:51:59,11.76
2025-04-10-11:12:29,11.76
2025-04-10-11:27:54,13.54
2025-04-10-11:40:16,10.76
2025-04-10-11:52:07,10.76
2025-04-10-12:30:37,9.76
2025-04-10-13:06:14,9.76
2025-04-10-13:37:00,8.76
2025-04-10-13:50:35,8.76
2025-04-10-14:12:12,8.76
2025-04-10-14:37:15,7.76
2025-04-10-14:49:19,7.76
2025-04-10-15:09:59,7.76
2025-04-10-15:32:39,7.76
2025-04-10-15:46:31,7.76
2025-04-10-15:58:23,7.76
2025-04-10-16:33:13,6.76
2025-04-10-16:52:02,6.76
2025-04-10-17:13:11,6.76
2025-04-10-17:32:37,6.76
2025-04-10-17:44:16,6.76
2025-04-10-17:55:51,6.76
2025-04-10-18:29:34,6.76
2025-04-10-18:47:56,6.76
2025-04-10-18:59:30,6.76
2025-04-10-19:19:21,6.76
2025-04-10-19:31:40,6.76
2025-04-10-19:43:32,6.76
2025-04-10-19:55:24,6.76
2025-04-10-20:23:58,6.76
2025-04-10-20:40:32,6.76
2025-04-10-20:52:25,6.76
2025-04-10-21:14:28,6.76
2025-04-10-21:30:36,6.76
2025-04-10-21:42:10,6.76
2025-04-10-21:53:42,6.76
2025-04-10-22:18:54,6.76
2025-04-10-22:38:22,6.76
2025-04-10-22:50:24,6.76
2025-04-10-23:11:04,12.28
2025-04-10-23:30:42,10.76
2025-04-10-23:43:54,10.76
2025-04-10-23:55:26,10.76
2025-04-11-01:48:23,15.76
2025-04-11-02:56:01,18.76
2025-04-11-03:35:51,20.76
2025-04-11-03:53:13,20.76
2025-04-11-04:21:14,22.76
2025-04-11-04:42:17,22.76
2025-04-11-04:53:57,22.76
2025-04-11-05:19:31,22.76
2025-04-11-05:40:25,22.76
2025-04-11-05:52:17,22.76
2025-04-11-06:21:57,21.76
2025-04-11-06:46:12,21.76
2025-04-11-06:57:52,21.76
2025-04-11-07:24:26,21.76
2025-04-11-07:38:14,21.76
2025-04-11-07:50:02,21.76
2025-04-11-08:14:29,19.76
2025-04-11-08:40:37,19.76
2025-04-11-08:54:03,19.76
2025-04-11-09:20:10,18.76
2025-04-11-09:37:28,18.76
2025-04-11-09:49:18,18.76
2025-04-11-10:09:33,16.76
2025-04-11-10:35:32,16.76
2025-04-11-10:48:49,16.76
2025-04-11-11:07:03,16.76
2025-04-11-11:25:13,13.76
2025-04-11-11:38:07,13.76
2025-04-11-11:50:04,13.76
2025-04-11-12:20:17,12.76
2025-04-11-13:00:06,12.76
2025-04-11-13:34:27,11.76
2025-04-11-13:48:36,11.76
2025-04-11-14:00:16,11.76
2025-04-11-14:28:08,10.76
2025-04-11-14:44:58,10.76
2025-04-11-14:56:57,10.76
2025-04-11-15:26:36,9.76
2025-04-11-15:42:37,9.76
2025-04-11-15:54:48,9.76
2025-04-11-16:26:40,9.76
2025-04-11-16:47:49,9.76
2025-04-11-16:59:23,9.76
2025-04-11-17:23:43,9.76
2025-04-11-17:39:46,9.76
2025-04-11-17:51:23,9.76
2025-04-11-18:18:40,9.76
2025-04-11-18:42:59,9.76
2025-04-11-18:54:37,9.76
2025-04-11-19:16:43,10.76
2025-04-11-19:28:52,10.76
2025-04-11-19:40:34,10.76
2025-04-11-19:52:23,10.76
2025-04-11-20:16:54,9.76
2025-04-11-20:35:41,9.76
2025-04-11-20:47:39,9.76
2025-04-11-20:59:36,9.76
2025-04-11-21:23:53,9.76
2025-04-11-21:37:32,9.76
2025-04-11-21:49:08,9.76
2025-04-11-22:07:47,9.76
2025-04-11-22:32:44,10.76
2025-04-11-22:46:12,10.76
2025-04-11-22:57:44,10.76
2025-04-11-23:23:36,15.76
2025-04-11-23:37:29,15.76
2025-04-11-23:49:24,15.76
2025-04-12-00:43:28,17.76
2025-04-12-02:14:30,21.76
2025-04-12-03:08:31,21.76
2025-04-12-03:41:40,21.76
2025-04-12-03:53:50,21.76
2025-04-12-04:21:16,19.76
2025-04-12-04:41:03,19.76
2025-04-12-04:53:04,15.76
2025-04-12-05:15:29,15.76
2025-04-12-05:33:31,16.76
2025-04-12-05:45:16,16.76
2025-04-12-05:56:49,16.76
2025-04-12-06:31:54,16.76
2025-04-12-06:48:28,16.76
2025-04-12-07:00:18,16.76
2025-04-12-07:23:02,15.76
2025-04-12-07:35:34,15.76
2025-04-12-07:47:28,15.76
2025-04-12-07:59:30,15.76
2025-04-12-08:30:10,11.76
2025-04-12-08:47:07,11.76
2025-04-12-08:58:58,11.76
2025-04-12-09:26:23,8.76
2025-04-12-09:40:48,8.76
2025-04-12-09:52:39,8.76
2025-04-12-10:14:55,6.76
2025-04-12-10:34:52,6.76
2025-04-12-10:46:41,6.76
2025-04-12-10:58:21,6.76
2025-04-12-11:18:58,6.41
2025-04-12-11:30:46,4.76
2025-04-12-11:42:49,4.76
2025-04-12-11:54:50,4.76
2025-04-12-12:37:03,4.76
2025-04-12-13:02:47,4.76
2025-04-12-13:28:52,1.76
2025-04-12-13:40:51,1.76
2025-04-12-13:52:42,0.76
2025-04-12-14:13:10,0.76
2025-04-12-14:31:53,0.76
2025-04-12-14:43:43,0.76
2025-04-12-14:55:22,0.76
2025-04-12-15:20:21,0.76
2025-04-12-15:34:32,0.76
2025-04-12-15:46:08,0.76
2025-04-12-15:57:54,0.76
2025-04-12-16:28:33,0.76
2025-04-12-16:44:54,0.76
2025-04-12-16:56:56,0.76
2025-04-12-17:21:10,1.76
2025-04-12-17:36:46,1.76
2025-04-12-17:48:36,1.76
2025-04-12-18:00:14,1.76
2025-04-12-18:32:37,2.76
2025-04-12-18:48:06,2.76
2025-04-12-18:59:42,2.76
2025-04-12-19:19:57,3.76
2025-04-12-19:32:30,3.76
2025-04-12-19:44:26,3.76
2025-04-12-19:56:00,3.76
2025-04-12-20:22:59,4.76
2025-04-12-20:37:03,4.76
2025-04-12-20:49:02,4.76
2025-04-12-21:06:36,4.76
2025-04-12-21:25:27,4.76
2025-04-12-21:38:27,4.76
2025-04-12-21:49:58,4.76
2025-04-12-22:08:45,6.76
2025-04-12-22:30:55,6.76
2025-04-12-22:43:18,6.76
2025-04-12-22:55:01,6.76
2025-04-12-23:19:57,7.76
2025-04-13-01:54:50,7.76
2025-04-13-04:07:32,5.76
2025-04-13-04:56:15,6.76
2025-04-13-05:27:31,3.76
2025-04-13-05:45:01,3.76
2025-04-13-05:56:50,3.76
2025-04-13-06:33:10,6.76
2025-04-13-06:49:01,6.76
2025-04-13-07:07:30,6.76
2025-04-13-07:26:01,6.76
2025-04-13-07:38:12,6.76
2025-04-13-07:50:04,6.76
2025-04-13-08:12:38,6.76
2025-04-13-08:36:08,6.76
2025-04-13-08:50:05,6.76
2025-04-13-09:10:22,9.41
2025-04-13-09:31:28,6.76
2025-04-13-09:43:42,6.76
2025-04-13-09:55:15,6.76
2025-04-13-10:22:47,5.76
2025-04-13-10:40:51,5.76
2025-04-13-10:52:46,5.76
2025-04-13-11:12:14,5.76
2025-04-13-11:25:56,5.76
2025-04-13-11:38:41,5.76
2025-04-13-11:50:46,5.76
2025-04-13-12:20:39,6.58
2025-04-13-12:56:11,5.76
2025-04-13-13:30:01,5.76
2025-04-13-13:45:38,5.76
2025-04-13-13:57:22,5.76
2025-04-13-14:22:01,6.22
2025-04-13-14:37:21,5.76
2025-04-13-14:49:00,5.76
2025-04-13-15:06:54,5.76
2025-04-13-15:29:31,5.76
2025-04-13-15:42:20,5.76
2025-04-13-15:54:20,5.76
2025-04-13-16:23:48,4.76
2025-04-13-16:44:46,4.76
2025-04-13-16:56:18,4.76
2025-04-13-17:19:38,4.76
2025-04-13-17:34:36,4.76
2025-04-13-17:46:35,1.76
2025-04-13-17:58:27,1.76
2025-04-13-18:32:22,0.76
2025-04-13-18:47:32,0.76
2025-04-13-18:59:11,0.76
2025-04-13-19:19:15,2.76
2025-04-13-19:31:36,2.76
2025-04-13-19:43:22,2.76
2025-04-13-19:54:55,2.76
2025-04-13-20:21:05,2.76
2025-04-13-20:36:20,2.76
2025-04-13-20:48:11,2.76
2025-04-13-20:59:56,2.76
2025-04-13-21:23:25,3.76
2025-04-13-21:36:12,3.76
2025-04-13-21:47:46,3.76
2025-04-13-21:59:43,3.76
2025-04-13-22:25:47,3.76
2025-04-13-22:41:45,3.76
2025-04-13-22:53:16,3.76
2025-04-13-23:17:21,4.78
2025-04-13-23:33:23,4.76
2025-04-13-23:45:59,4.76
2025-04-13-23:57:35,4.76
2025-04-14-02:03:43,2.76
2025-04-14-03:12:02,5.76
2025-04-14-03:47:06,6.76
2025-04-14-03:59:16,6.76
2025-04-14-04:31:22,5.76
2025-04-14-04:47:36,5.76
2025-04-14-04:59:14,5.76
2025-04-14-05:28:16,6.76
2025-04-14-05:44:10,6.76
2025-04-14-05:56:04,6.76
2025-04-14-06:35:26,5.76
2025-04-14-06:53:15,5.76
2025-04-14-07:17:54,5.95
2025-04-14-07:33:45,5.76
2025-04-14-07:45:31,5.76
2025-04-14-07:57:25,5.76
2025-04-14-08:34:12,5.76
2025-04-14-08:52:24,5.76
2025-04-14-09:17:58,5.76
2025-04-14-09:38:13,5.76
2025-04-14-09:49:49,5.76
2025-04-14-10:11:35,5.76
2025-04-14-10:39:47,5.76
2025-04-14-10:52:33,5.76
2025-04-14-11:13:13,5.76
2025-04-14-11:28:23,5.76
2025-04-14-11:40:18,5.76
2025-04-14-11:52:08,5.76
2025-04-14-12:30:27,4.76
2025-04-14-13:07:04,4.76
2025-04-14-13:39:11,4.76
2025-04-14-13:51:46,4.76
2025-04-14-14:14:32,3.76
2025-04-14-14:39:52,3.76
2025-04-14-14:51:55,3.76
2025-04-14-15:15:57,6.11
2025-04-14-15:35:02,3.76
2025-04-14-15:47:45,3.76
2025-04-14-15:59:41,3.76
2025-04-14-16:33:46,2.76
2025-04-14-16:52:10,2.76
2025-04-14-17:13:35,2.76
2025-04-14-17:33:10,1.76
2025-04-14-17:45:02,1.76
2025-04-14-17:57:02,1.76
2025-04-14-18:34:50,0.76
2025-04-14-18:51:57,0.76
2025-04-14-19:11:52,4.89
2025-04-14-19:26:46,-0.24
2025-04-14-19:39:55,-0.24
2025-04-14-19:51:59,-0.24
2025-04-14-20:16:36,4.7
2025-04-14-20:36:51,-1.24
2025-04-14-20:48:57,-1.24
2025-04-14-21:07:46,0.76
2025-04-14-21:27:54,0.76
2025-04-14-21:41:05,0.76
2025-04-14-21:53:11,0.76
2025-04-14-22:16:05,5.1
2025-04-14-22:36:44,1.76
2025-04-14-22:48:39,1.76
2025-04-14-23:00:48,1.76
2025-04-14-23:24:44,5.76
2025-04-14-23:38:51,5.76
2025-04-14-23:50:57,5.76
2025-04-15-01:01:18,8.76
2025-04-15-02:42:18,11.76
2025-04-15-03:28:48,12.76
2025-04-15-03:52:52,12.76
2025-04-15-04:20:15,12.37
2025-04-15-04:41:17,12.76
2025-04-15-04:54:46,12.76
2025-04-15-05:20:13,13.76
2025-04-15-05:39:10,13.76
2025-04-15-05:50:59,13.76
2025-04-15-06:18:24,12.76
2025-04-15-06:44:36,12.76
2025-04-15-06:56:22,12.76
2025-04-15-07:25:39,12.76
2025-04-15-07:41:46,12.76
2025-04-15-07:53:32,12.76
2025-04-15-08:25:26,11.9
2025-04-15-08:48:41,11.76
2025-04-15-09:00:43,11.76
2025-04-15-09:29:38,9.76
2025-04-15-09:44:50,9.76
2025-04-15-09:56:37,9.76
2025-04-15-10:27:48,8.76
2025-04-15-10:46:42,8.76
2025-04-15-10:58:29,8.76
2025-04-15-11:21:56,7.76
2025-04-15-11:36:03,7.76
2025-04-15-11:47:49,7.76
2025-04-15-11:59:29,7.76
2025-04-15-12:52:42,7.76
2025-04-15-13:26:36,9.24
2025-04-15-13:47:08,6.76
2025-04-15-13:58:54,6.76
2025-04-15-14:28:18,6.76
2025-04-15-14:46:35,6.76
2025-04-15-14:58:34,6.76
2025-04-15-15:28:21,6.76
2025-04-15-15:44:08,6.76
2025-04-15-15:56:04,6.76
2025-04-15-16:29:14,5.76
2025-04-15-16:48:37,5.76
2025-04-15-17:00:26,5.76
2025-04-15-17:26:00,3.76
2025-04-15-17:42:12,3.76
2025-04-15-17:54:02,3.76
2025-04-15-18:25:45,5.76
2025-04-15-18:47:30,5.76
2025-04-15-18:59:16,5.76
2025-04-15-19:21:03,7.45
2025-04-15-19:34:25,4.76
2025-04-15-19:46:24,4.76
2025-04-15-19:57:52,4.76
2025-04-15-20:27:51,5.76
2025-04-15-20:43:41,5.76
2025-04-15-20:55:49,5.76
2025-04-15-21:21:40,5.76
2025-04-15-21:36:11,5.76
2025-04-15-21:48:14,5.76
2025-04-15-21:59:53,5.76
2025-04-15-22:27:33,6.76
2025-04-15-22:43:42,6.76
2025-04-15-22:55:33,6.76
2025-04-15-23:21:08,9.76
2025-04-15-23:35:42,9.76
2025-04-15-23:47:38,9.76
2025-04-15-23:59:14,9.76
2025-04-16-02:02:42,12.76
2025-04-16-03:09:53,14.76
2025-04-16-03:45:10,17.76
2025-04-16-03:57:43,17.76
2025-04-16-04:30:09,19.76
2025-04-16-04:47:32,19.76
2025-04-16-04:59:15,19.76
2025-04-16-05:27:32,21.76
2025-04-16-05:43:46,21.76
2025-04-16-05:55:19,21.76
2025-04-16-06:32:01,20.76
2025-04-16-06:51:04,20.76
2025-04-16-07:13:09,20.76
2025-04-16-07:31:04,21.76
2025-04-16-07:43:08,21.76
2025-04-16-07:55:01,21.76
2025-04-16-08:29:28,20.76
2025-04-16-08:50:46,20.76
2025-04-16-09:13:38,19.76
2025-04-16-09:35:49,19.76
2025-04-16-09:48:10,19.76
2025-04-16-09:59:47,19.76
2025-04-16-10:31:57,18.76
2025-04-16-10:48:18,18.76
2025-04-16-10:59:58,18.76
2025-04-16-11:22:43,17.76
2025-04-16-11:36:22,17.76
2025-04-16-11:48:15,16.69
2025-04-16-12:00:06,17.76
2025-04-16-12:53:30,15.76
2025-04-16-13:28:01,15.76
2025-04-16-13:46:25,15.76
2025-04-16-13:58:08,15.76
2025-04-16-14:26:22,15.76
2025-04-16-14:44:34,15.76
2025-04-16-14:56:29,15.76
2025-04-16-15:27:53,14.76
2025-04-16-15:44:22,14.76
2025-04-16-15:56:27,14.76
2025-04-16-16:31:18,15.76
2025-04-16-16:52:35,15.76
2025-04-16-17:13:50,15.76
2025-04-16-17:33:05,15.76
2025-04-16-17:45:11,15.76
2025-04-16-17:57:09,15.76
2025-04-16-18:35:19,13.76
2025-04-16-18:52:11,13.76
2025-04-16-19:11:12,13.76
2025-04-16-19:26:12,13.76
2025-04-16-19:39:06,13.76
2025-04-16-19:50:59,13.76
2025-04-16-20:14:28,13.36
2025-04-16-20:35:33,14.76
2025-04-16-20:48:16,14.76
2025-04-16-21:00:00,14.76
2025-04-16-21:25:13,12.76
2025-04-16-21:40:11,12.76
2025-04-16-21:52:12,12.76
2025-04-16-22:13:47,15.76
2025-04-16-22:36:32,15.76
2025-04-16-22:48:39,15.76
2025-04-16-23:00:31,15.76
2025-04-16-23:24:31,14.87
2025-04-16-23:40:18,17.76
2025-04-16-23:52:15,17.76
2025-04-17-01:12:55,19.76
2025-04-17-02:43:40,20.76
2025-04-17-03:26:58,22.76
2025-04-17-03:52:09,22.76
2025-04-17-04:18:11,22.76
2025-04-17-04:40:56,22.76
2025-04-17-04:53:29,22.76
2025-04-17-05:17:36,24.8
2025-04-17-05:37:57,22.76
2025-04-17-05:49:49,22.76
2025-04-17-06:14:44,23.76
2025-04-17-06:43:25,23.76
2025-04-17-06:55:32,23.76
2025-04-17-07:23:37,21.76
2025-04-17-07:40:14,21.76
2025-04-17-07:52:04,21.76
2025-04-17-08:20:19,19.76
2025-04-17-08:43:03,19.76
2025-04-17-08:56:44,19.76
2025-04-17-09:27:49,18.76
2025-04-17-09:43:00,18.76
2025-04-17-09:54:56,18.76
2025-04-17-10:23:45,17.76
2025-04-17-10:43:38,17.76
2025-04-17-10:55:29,17.76
2025-04-17-11:18:11,19.76
2025-04-17-11:30:46,18.76
2025-04-17-11:42:52,18.76
2025-04-17-11:54:29,18.76
2025-04-17-12:40:11,17.76
2025-04-17-13:16:08,16.76
2025-04-17-13:40:25,16.76
2025-04-17-13:52:08,16.76
2025-04-17-14:14:23,16.76
2025-04-17-14:37:13,15.76
2025-04-17-14:49:35,15.76
2025-04-17-15:09:53,15.76
2025-04-17-15:31:51,14.76
2025-04-17-15:45:20,14.76
2025-04-17-15:57:04,14.76
2025-04-17-16:31:36,16.76
2025-04-17-16:51:27,16.76
2025-04-17-17:11:40,16.76
2025-04-17-17:32:53,16.76
2025-04-17-17:44:44,16.76
2025-04-17-17:56:23,16.76
2025-04-17-18:33:15,15.76
2025-04-17-18:50:33,15.76
2025-04-17-19:09:12,15.76
2025-04-17-19:24:36,15.76
2025-04-17-19:38:00,15.76
2025-04-17-19:49:58,15.76
2025-04-17-20:11:29,14.76
2025-04-17-20:32:43,14.76
2025-04-17-20:45:41,14.76
2025-04-17-20:57:36,14.76
2025-04-17-21:23:23,14.76
2025-04-17-21:37:53,14.76
2025-04-17-21:49:45,14.76
2025-04-17-22:09:00,14.76
2025-04-17-22:32:07,15.76
2025-04-17-22:44:38,15.76
2025-04-17-22:56:28,15.76
2025-04-17-23:22:47,13.76
2025-04-17-23:37:31,13.76
2025-04-17-23:49:18,13.76
2025-04-18-00:43:16,12.76
2025-04-18-02:16:36,16.76
2025-04-18-03:10:22,18.76
2025-04-18-03:43:59,18.76
2025-04-18-03:56:15,18.76
2025-04-18-04:28:18,20.76
2025-04-18-04:47:30,20.76
2025-04-18-04:59:18,20.76
2025-04-18-05:27:17,21.76
2025-04-18-05:43:10,21.76
2025-04-18-05:55:04,21.76
2025-04-18-06:30:26,22.76
2025-04-18-06:50:11,22.76
2025-04-18-07:10:55,22.76
2025-04-18-07:30:53,22.76
2025-04-18-07:42:52,22.76
2025-04-18-07:54:45,22.76
2025-04-18-08:26:37,21.76
2025-04-18-08:46:37,21.76
2025-04-18-08:58:22,21.76
2025-04-18-09:27:36,20.76
2025-04-18-09:43:02,20.76
2025-04-18-09:54:35,20.76
2025-04-18-10:23:06,16.76
2025-04-18-10:44:01,16.76
2025-04-18-10:55:46,16.76
2025-04-18-11:18:22,14.76
2025-04-18-11:30:05,14.76
2025-04-18-11:42:22,14.76
2025-04-18-11:54:15,14.76
2025-04-18-12:37:39,13.76
2025-04-18-13:06:30,13.76
2025-04-18-13:33:34,13.76
2025-04-18-13:45:58,13.76
2025-04-18-13:57:47,13.76
2025-04-18-14:24:19,12.76
2025-04-18-14:40:49,12.76
2025-04-18-14:52:32,12.76
2025-04-18-15:15:58,12.76
2025-04-18-15:34:26,14.76
2025-04-18-15:46:18,14.76
2025-04-18-15:58:13,14.76
2025-04-18-16:31:05,14.76
2025-04-18-16:48:01,14.76
2025-04-18-16:59:39,14.76
2025-04-18-17:24:38,15.76
2025-04-18-17:39:37,15.76
2025-04-18-17:51:20,15.76
2025-04-18-18:17:26,15.76
2025-04-18-18:42:10,15.76
2025-04-18-18:54:30,15.76
2025-04-18-19:15:55,14.76
2025-04-18-19:27:39,14.76
2025-04-18-19:39:58,14.76
2025-04-18-19:51:38,14.76
2025-04-18-20:14:34,14.76
2025-04-18-20:32:53,14.76
2025-04-18-20:45:18,14.76
2025-04-18-20:56:55,14.76
2025-04-18-21:23:55,14.76
2025-04-18-21:37:36,14.76
2025-04-18-21:49:23,14.76
2025-04-18-22:08:25,14.76
2025-04-18-22:32:37,15.76
2025-04-18-22:45:33,15.76
2025-04-18-22:57:07,15.76
2025-04-18-23:24:07,16.76
2025-04-18-23:37:52,16.76
2025-04-18-23:49:32,16.76
2025-04-19-00:43:48,17.76
2025-04-19-02:13:24,17.76
2025-04-19-03:06:31,18.76
2025-04-19-03:40:39,17.76
2025-04-19-03:54:11,17.76
2025-04-19-04:21:57,18.76
2025-04-19-04:40:56,18.76
2025-04-19-04:52:28,18.76
2025-04-19-05:15:38,18.76
2025-04-19-05:36:25,12.76
2025-04-19-05:48:07,12.76
2025-04-19-05:59:41,12.76
2025-04-19-06:33:44,14.76
2025-04-19-06:49:28,14.76
2025-04-19-07:07:51,14.76
2025-04-19-07:25:35,13.76
2025-04-19-07:38:11,13.76
2025-04-19-07:49:57,13.76
2025-04-19-08:12:13,12.76
2025-04-19-08:34:46,11.76
2025-04-19-08:48:29,11.76
2025-04-19-09:00:18,10.76
2025-04-19-09:25:00,10.76
2025-04-19-09:38:28,10.76
2025-04-19-09:50:13,10.76
2025-04-19-10:10:24,10.76
2025-04-19-10:33:03,10.76
2025-04-19-10:44:53,10.76
2025-04-19-10:56:29,10.76
2025-04-19-11:18:59,10.76
2025-04-19-11:30:52,10.76
2025-04-19-11:42:28,10.76
2025-04-19-11:54:21,10.76
2025-04-19-12:35:12,11.76
2025-04-19-13:02:15,11.76
2025-04-19-13:30:31,11.76
2025-04-19-13:42:35,11.76
2025-04-19-13:54:36,11.76
2025-04-19-14:17:17,12.61
2025-04-19-14:34:56,11.76
2025-04-19-14:46:35,11.76
2025-04-19-14:58:15,11.76
2025-04-19-15:24:23,9.76
2025-04-19-15:38:09,9.76
2025-04-19-15:49:48,9.76
2025-04-19-16:10:39,9.76
2025-04-19-16:36:21,9.76
2025-04-19-16:50:03,9.76
2025-04-19-17:08:55,12.23
2025-04-19-17:28:58,8.76
2025-04-19-17:41:05,8.76
2025-04-19-17:52:55,8.76
2025-04-19-18:20:35,9.76
2025-04-19-18:40:53,9.76
2025-04-19-18:52:30,9.76
2025-04-19-19:12:38,9.76
2025-04-19-19:26:55,9.76
2025-04-19-19:39:04,9.76
2025-04-19-19:50:43,9.76
2025-04-19-20:12:22,11.17
2025-04-19-20:31:41,8.76
2025-04-19-20:43:51,8.76
2025-04-19-20:55:49,8.76
2025-04-19-21:19:46,8.76
2025-04-19-21:33:25,8.76
2025-04-19-21:45:09,8.76
2025-04-19-21:56:42,8.76
2025-04-19-22:23:04,12.15
2025-04-19-22:38:47,8.76
2025-04-19-22:50:24,8.76
2025-04-19-23:11:05,8.76
2025-04-19-23:30:19,9.76
2025-04-19-23:42:23,9.76
2025-04-19-23:54:14,9.76
2025-04-20-01:43:05,14.76
2025-04-20-03:01:25,17.76
2025-04-20-03:41:42,18.76
2025-04-20-03:57:03,18.76
2025-04-20-04:28:04,20.76
2025-04-20-04:44:29,20.76
2025-04-20-04:56:06,20.76
2025-04-20-05:23:21,21.76
2025-04-20-05:40:04,21.76
2025-04-20-05:51:53,21.76
2025-04-20-06:19:06,22.76
2025-04-20-06:42:20,22.76
2025-04-20-06:53:56,22.76
2025-04-20-07:17:44,26.44
2025-04-20-07:31:27,22.76
2025-04-20-07:43:03,22.76
2025-04-20-07:54:57,22.76
2025-04-20-08:24:18,22.76
2025-04-20-08:41:43,22.76
2025-04-20-08:53:16,22.76
2025-04-20-09:15:37,22.76
2025-04-20-09:30:53,19.76
2025-04-20-09:43:00,19.76
2025-04-20-09:55:00,19.76
2025-04-20-10:21:59,17.76
2025-04-20-10:40:49,17.76
2025-04-20-10:52:43,17.76
2025-04-20-11:12:50,17.76
2025-04-20-11:26:47,16.76
2025-04-20-11:39:44,16.76
2025-04-20-11:51:47,16.76
2025-04-20-12:25:07,14.76
2025-04-20-12:59:29,14.76
2025-04-20-13:30:22,13.76
2025-04-20-13:44:11,13.76
2025-04-20-13:56:03,13.76
2025-04-20-14:21:11,12.76
2025-04-20-14:37:39,12.76
2025-04-20-14:49:25,12.76
2025-04-20-15:08:02,12.76
2025-04-20-15:28:38,12.76
2025-04-20-15:42:44,12.76
2025-04-20-15:54:18,12.76
2025-04-20-16:21:41,11.76
2025-04-20-16:42:05,11.76
2025-04-20-16:53:45,11.76
2025-04-20-17:16:26,11.76
2025-04-20-17:33:10,11.76
2025-04-20-17:45:08,11.76
2025-04-20-17:57:13,11.76
2025-04-20-18:31:47,10.76
2025-04-20-18:48:25,10.76
2025-04-20-19:00:11,10.76
2025-04-20-19:21:00,11.76
2025-04-20-19:34:11,11.76
2025-04-20-19:46:03,11.76
2025-04-20-19:57:57,11.76
2025-04-20-20:25:37,10.76
2025-04-20-20:41:40,10.76
2025-04-20-20:53:23,10.76
2025-04-20-21:15:10,10.76
2025-04-20-21:29:26,10.76
2025-04-20-21:41:33,10.76
2025-04-20-21:53:12,10.76
2025-04-20-22:16:08,13.76
2025-04-20-22:36:49,13.76
2025-04-20-22:48:47,13.76
2025-04-20-23:07:16,17.76
2025-04-20-23:26:48,17.76
2025-04-20-23:40:16,17.76
2025-04-20-23:52:01,17.76
2025-04-21-01:14:20,20.76
2025-04-21-02:49:55,21.76
2025-04-21-03:35:18,22.76
2025-04-21-03:58:41,22.76
2025-04-21-04:32:15,24.76
2025-04-21-04:49:55,24.76
2025-04-21-05:11:12,24.94
2025-04-21-05:35:20,25.76
2025-04-21-05:49:28,25.76
2025-04-21-06:13:59,25.71
2025-04-21-06:43:34,24.76
2025-04-21-06:56:51,24.76
2025-04-21-07:24:29,25.76
2025-04-21-07:38:45,25.76
2025-04-21-07:50:37,25.76
2025-04-21-08:16:43,24.76
2025-04-21-08:42:18,24.76
2025-04-21-08:57:20,24.76
2025-04-21-09:27:32,22.76
2025-04-21-09:42:46,22.76
2025-04-21-09:54:31,22.76
2025-04-21-10:21:52,21.76
2025-04-21-10:44:06,21.76
2025-04-21-10:55:50,21.76
2025-04-21-11:19:14,21.04
2025-04-21-11:31:24,20.76
2025-04-21-11:43:11,20.76
2025-04-21-11:55:10,20.76
2025-04-21-12:42:31,19.76
2025-04-21-13:15:51,19.76
2025-04-21-13:39:47,17.76
2025-04-21-13:51:35,17.76
2025-04-21-14:13:10,19.1
2025-04-21-14:34:57,17.76
2025-04-21-14:46:56,17.76
2025-04-21-14:58:26,17.76
2025-04-21-15:26:56,17.76
2025-04-21-15:43:14,17.76
2025-04-21-15:55:17,17.76
2025-04-21-16:27:27,17.76
2025-04-21-16:48:38,17.76
2025-04-21-17:00:39,17.76
2025-04-21-17:25:59,17.76
2025-04-21-17:41:33,17.76
2025-04-21-17:53:14,17.76
2025-04-21-18:23:37,17.76
2025-04-21-18:47:38,17.76
2025-04-21-18:59:37,17.76
2025-04-21-19:21:29,17.76
2025-04-21-19:34:58,17.76
2025-04-21-19:47:03,17.76
2025-04-21-19:58:46,17.76
2025-04-21-20:27:34,16.76
2025-04-21-20:43:16,16.76
2025-04-21-20:54:54,16.76
2025-04-21-21:19:28,16.76
2025-04-21-21:33:52,16.76
2025-04-21-21:45:41,16.76
2025-04-21-21:57:39,16.76
2025-04-21-22:25:30,16.76
2025-04-21-22:42:05,16.76
2025-04-21-22:53:48,16.76
2025-04-21-23:17:22,16.76
2025-04-21-23:32:02,17.76
2025-04-21-23:44:19,17.76
2025-04-21-23:56:06,17.76
2025-04-22-01:55:46,17.76
2025-04-22-03:05:48,17.76
2025-04-22-03:44:02,15.76
2025-04-22-03:58:38,15.76
2025-04-22-04:31:19,15.76
2025-04-22-04:48:58,15.76
2025-04-22-05:08:58,15.76
2025-04-22-05:32:47,15.76
2025-04-22-05:46:07,15.76
2025-04-22-05:57:35,15.76
2025-04-22-06:36:01,16.76
2025-04-22-06:52:29,16.76
2025-04-22-07:16:04,16.76
2025-04-22-07:32:54,16.76
2025-04-22-07:44:42,16.76
2025-04-22-07:56:40,16.76
2025-04-22-08:33:29,16.76
2025-04-22-08:51:52,16.76
2025-04-22-09:15:46,17.78
2025-04-22-09:35:16,16.76
2025-04-22-09:47:19,16.76
2025-04-22-09:58:52,16.76
2025-04-22-10:29:30,16.76
2025-04-22-10:46:51,16.76
2025-04-22-10:58:35,16.76
2025-04-22-11:22:25,16.76
2025-04-22-11:36:03,16.76
2025-04-22-11:47:48,16.76
2025-04-22-11:59:25,16.76
2025-04-22-12:52:38,14.76
2025-04-22-13:26:28,14.76
2025-04-22-13:46:05,14.76
2025-04-22-13:57:53,14.76
2025-04-22-14:26:42,14.76
2025-04-22-14:45:47,14.76
2025-04-22-14:57:44,14.76
2025-04-22-15:27:36,13.76
2025-04-22-15:43:47,13.76
2025-04-22-15:55:20,13.76
2025-04-22-16:28:02,12.76
2025-04-22-16:48:58,12.76
2025-04-22-17:07:56,12.76
2025-04-22-17:31:19,10.76
2025-04-22-17:44:09,10.76
2025-04-22-17:55:51,10.76
2025-04-22-18:32:35,9.76
2025-04-22-18:51:00,9.76
2025-04-22-19:10:06,9.76
2025-04-22-19:26:21,13.82
2025-04-22-19:39:54,9.76
2025-04-22-19:51:42,9.76
2025-04-22-20:16:06,9.76
2025-04-22-20:36:52,9.76
2025-04-22-20:49:25,9.76
2025-04-22-21:08:22,9.76
2025-04-22-21:28:28,9.76
2025-04-22-21:41:15,9.76
2025-04-22-21:53:14,9.76
2025-04-22-22:16:39,13.49
2025-04-22-22:37:58,11.76
2025-04-22-22:49:44,11.76
2025-04-22-23:09:09,11.76
2025-04-22-23:28:13,13.76
2025-04-22-23:42:15,13.76
2025-04-22-23:54:07,13.76
2025-04-23-01:38:03,17.76
2025-04-23-02:57:09,18.76
2025-04-23-03:38:40,19.76
2025-04-23-03:55:02,19.76
2025-04-23-04:26:13,21.76
2025-04-23-04:47:40,21.76
2025-04-23-04:59:26,21.76
2025-04-23-05:27:57,20.76
2025-04-23-05:43:59,20.76
2025-04-23-05:56:05,20.76
2025-04-23-06:33:56,20.76
2025-04-23-06:51:41,20.76
2025-04-23-07:18:10,21.76
2025-04-23-07:37:19,21.76
2025-04-23-07:49:09,21.76
2025-04-23-08:12:29,21.76
2025-04-23-08:41:28,20.76
2025-04-23-08:56:54,20.76
2025-04-23-09:27:39,19.76
2025-04-23-09:43:24,19.76
2025-04-23-09:55:14,19.76
2025-04-23-10:25:35,16.76
2025-04-23-10:46:15,16.76
2025-04-23-10:58:17,16.76
2025-04-23-11:22:31,14.76
2025-04-23-11:36:09,14.76
2025-04-23-11:47:59,14.76
2025-04-23-11:59:43,14.76
2025-04-23-12:53:37,13.76
2025-04-23-13:28:23,11.76
2025-04-23-13:47:15,11.76
2025-04-23-13:58:57,11.76
2025-04-23-14:28:57,11.76
2025-04-23-14:47:31,11.76
2025-04-23-14:59:20,11.76
2025-04-23-15:29:23,11.76
2025-04-23-15:45:55,11.76
2025-04-23-15:57:45,11.76
2025-04-23-16:33:13,10.76
2025-04-23-16:53:07,10.76
2025-04-23-17:15:09,9.76
2025-04-23-17:35:37,9.76
2025-04-23-17:47:20,9.76
2025-04-23-17:59:18,9.76
2025-04-23-18:37:37,9.76
2025-04-23-18:54:19,9.76
2025-04-23-19:16:03,9.76
2025-04-23-19:28:53,9.76
2025-04-23-19:40:51,9.76
2025-04-23-19:52:40,9.76
2025-04-23-20:18:07,9.76
2025-04-23-20:37:24,9.76
2025-04-23-20:49:56,9.76
2025-04-23-21:09:45,8.76
2025-04-23-21:29:44,8.76
2025-04-23-21:43:18,8.76
2025-04-23-21:55:01,8.76
2025-04-23-22:20:49,10.76
2025-04-23-22:40:06,10.76
2025-04-23-22:52:00,10.76
2025-04-23-23:14:27,15.21
2025-04-23-23:31:20,12.76
2025-04-23-23:43:53,12.76
2025-04-23-23:55:43,12.76
2025-04-24-01:53:22,16.76
2025-04-24-03:04:41,17.76
2025-04-24-03:43:55,17.76
2025-04-24-03:57:42,17.76
2025-04-24-04:30:28,17.76
2025-04-24-04:47:25,17.76
2025-04-24-04:59:14,17.76
2025-04-24-05:27:48,17.76
2025-04-24-05:44:16,17.76
2025-04-24-05:56:12,17.76
2025-04-24-06:34:50,18.76
2025-04-24-06:52:48,18.76
2025-04-24-07:16:46,20.48
2025-04-24-07:33:45,17.76
2025-04-24-07:45:36,17.76
2025-04-24-07:57:34,17.76
2025-04-24-08:34:23,16.76
2025-04-24-08:52:43,16.76
2025-04-24-09:18:03,15.76
2025-04-24-09:37:31,15.76
2025-04-24-09:49:25,15.76
2025-04-24-10:10:12,15.76
2025-04-24-10:38:03,13.76
2025-04-24-10:51:32,13.76
2025-04-24-11:11:52,14.93
2025-04-24-11:28:38,12.76
2025-04-24-11:40:52,12.76
2025-04-24-11:52:31,12.76
2025-04-24-12:33:32,11.76
2025-04-24-13:15:20,11.76
2025-04-24-13:42:47,10.76
2025-04-24-13:54:30,10.76
2025-04-24-14:19:06,9.76
2025-04-24-14:40:21,9.76
2025-04-24-14:52:30,9.76
2025-04-24-15:17:25,12.15
2025-04-24-15:38:27,9.76
2025-04-24-15:50:27,9.76
2025-04-24-16:14:14,9.76
2025-04-24-16:42:32,8.76
2025-04-24-16:57:26,8.76
2025-04-24-17:23:40,7.76
2025-04-24-17:39:37,7.76
2025-04-24-17:51:30,7.76
2025-04-24-18:18:18,8.76
2025-04-24-18:43:47,8.76
2025-04-24-18:55:50,8.76
2025-04-24-19:19:58,7.76
2025-04-24-19:32:51,7.76
2025-04-24-19:44:44,7.76
2025-04-24-19:56:32,7.76
2025-04-24-20:27:27,6.76
2025-04-24-20:43:46,6.76
2025-04-24-20:55:37,6.76
2025-04-24-21:23:19,7.76
2025-04-24-21:38:43,7.76
2025-04-24-21:50:16,7.76
2025-04-24-22:10:46,7.76
2025-04-24-22:35:15,9.76
2025-04-24-22:48:03,9.76
2025-04-24-22:59:50,9.76
2025-04-24-23:24:57,11.76
2025-04-24-23:39:25,11.76
2025-04-24-23:51:21,11.76
2025-04-25-01:05:18,13.76
2025-04-25-02:44:34,15.76
2025-04-25-03:28:54,16.76
2025-04-25-03:52:37,16.76
2025-04-25-04:19:34,16.76
2025-04-25-04:41:38,16.76
2025-04-25-04:54:10,16.76
2025-04-25-05:18:59,16.76
2025-04-25-05:38:28,16.76
2025-04-25-05:50:15,16.76
2025-04-25-06:16:00,16.76
2025-04-25-06:44:11,16.76
2025-04-25-06:56:23,16.76
2025-04-25-07:23:58,16.76
2025-04-25-07:38:01,16.76
2025-04-25-07:49:51,16.76
2025-04-25-08:14:25,15.76
2025-04-25-08:41:20,15.76
2025-04-25-08:56:27,15.76
2025-04-25-09:26:33,14.76
2025-04-25-09:42:05,14.76
2025-04-25-09:54:00,14.76
2025-04-25-10:20:23,12.76
2025-04-25-10:41:23,12.76
2025-04-25-10:53:02,12.76
2025-04-25-11:14:19,11.76
2025-04-25-11:29:32,11.76
2025-04-25-11:41:12,11.76
2025-04-25-11:53:15,11.76
2025-04-25-12:35:34,11.76
2025-04-25-13:14:18,11.76
2025-04-25-13:39:37,10.76
2025-04-25-13:51:30,10.76
2025-04-25-14:13:09,7.76
2025-04-25-14:36:19,7.76
2025-04-25-14:48:52,7.76
2025-04-25-15:08:14,11.66
2025-04-25-15:31:05,8.76
2025-04-25-15:45:11,8.76
2025-04-25-15:56:42,8.76
2025-04-25-16:30:54,7.76
2025-04-25-16:51:32,7.76
2025-04-25-17:11:50,7.76
2025-04-25-17:31:46,5.76
2025-04-25-17:43:41,5.76
2025-04-25-17:55:22,5.76
2025-04-25-18:30:36,6.76
2025-04-25-18:49:30,6.76
2025-04-25-19:07:43,6.76
2025-04-25-19:24:26,5.76
2025-04-25-19:37:39,5.76
2025-04-25-19:49:30,5.76
2025-04-25-20:10:28,5.76
2025-04-25-20:32:15,4.76
2025-04-25-20:46:58,4.76
2025-04-25-20:58:33,4.76
2025-04-25-21:24:35,5.76
2025-04-25-21:40:13,5.76
2025-04-25-21:52:03,5.76
2025-04-25-22:14:13,5.76
2025-04-25-22:37:40,8.76
2025-04-25-22:50:49,8.76
2025-04-25-23:11:30,8.76
2025-04-25-23:29:32,11.76
2025-04-25-23:42:12,11.76
2025-04-25-23:53:57,11.76
2025-04-26-01:26:11,15.76
2025-04-26-02:48:16,17.76
2025-04-26-03:23:40,19.34
2025-04-26-03:49:07,17.76
2025-04-26-04:09:47,17.76
2025-04-26-04:35:31,17.76
2025-04-26-04:49:16,17.76
2025-04-26-05:08:16,17.76
2025-04-26-05:31:12,17.76
2025-04-26-05:44:18,17.76
2025-04-26-05:56:16,17.76
2025-04-26-06:31:32,16.76
2025-04-26-06:47:56,16.76
2025-04-26-06:59:51,16.76
2025-04-26-07:22:55,16.76
2025-04-26-07:35:41,16.76
2025-04-26-07:47:30,16.76
2025-04-26-07:59:04,16.76
2025-04-26-08:30:28,16.76
2025-04-26-08:46:48,16.76
2025-04-26-08:58:37,16.76
2025-04-26-09:24:36,14.76
2025-04-26-09:38:08,14.76
2025-04-26-09:49:46,14.76
2025-04-26-10:09:27,14.76
2025-04-26-10:32:55,13.76
2025-04-26-10:44:53,13.76
2025-04-26-10:56:47,13.76
2025-04-26-11:18:50,13.76
2025-04-26-11:30:45,13.76
2025-04-26-11:42:45,13.76
2025-04-26-11:54:44,13.76
2025-04-26-12:37:30,13.76
2025-04-26-13:04:13,13.76
2025-04-26-13:30:04,12.76
2025-04-26-13:42:55,12.76
2025-04-26-13:54:40,12.76
2025-04-26-14:17:16,11.76
2025-04-26-14:34:17,11.76
2025-04-26-14:46:17,11.76
2025-04-26-14:58:02,11.76
2025-04-26-15:24:24,8.76
2025-04-26-15:38:24,8.76
2025-04-26-15:50:00,8.76
2025-04-26-16:11:18,8.76
2025-04-26-16:36:07,7.76
2025-04-26-16:49:33,7.76
2025-04-26-17:07:04,7.76
2025-04-26-17:27:15,8.76
2025-04-26-17:39:47,8.76
2025-04-26-17:51:30,8.76
2025-04-26-18:16:46,12.42
2025-04-26-18:39:51,7.76
2025-04-26-18:51:34,7.76
2025-04-26-19:10:58,7.76
2025-04-26-19:25:49,7.76
2025-04-26-19:38:15,7.76
2025-04-26-19:50:05,7.76
2025-04-26-20:10:49,7.76
2025-04-26-20:30:11,8.76
2025-04-26-20:42:58,8.76
2025-04-26-20:54:59,8.76
2025-04-26-21:18:07,8.76
2025-04-26-21:30:08,8.76
2025-04-26-21:41:54,8.76
2025-04-26-21:53:46,8.76
2025-04-26-22:16:23,12.68
2025-04-26-22:34:57,11.76
2025-04-26-22:46:56,11.76
2025-04-26-22:58:35,11.76
2025-04-26-23:24:24,14.76
2025-04-26-23:37:51,14.76
2025-04-26-23:49:38,14.76
2025-04-27-00:52:40,16.76
2025-04-27-02:38:49,17.76
2025-04-27-03:28:20,17.76
2025-04-27-03:53:05,17.76
2025-04-27-04:19:22,21.09
2025-04-27-04:39:24,17.76
2025-04-27-04:51:06,17.76
2025-04-27-05:12:46,21.44
2025-04-27-05:33:16,18.76
2025-04-27-05:45:16,18.76
2025-04-27-05:56:57,18.76
2025-04-27-06:33:14,17.76
2025-04-27-06:49:12,17.76
2025-04-27-07:07:55,17.76
2025-04-27-07:25:59,16.76
2025-04-27-07:38:17,16.76
2025-04-27-07:49:58,16.76
2025-04-27-08:12:21,16.76
2025-04-27-08:34:59,15.76
2025-04-27-08:50:08,15.76
2025-04-27-09:10:06,15.76
2025-04-27-09:29:16,15.76
2025-04-27-09:41:19,15.76
2025-04-27-09:53:13,15.76
2025-04-27-10:17:28,14.76
2025-04-27-10:37:37,14.76
2025-04-27-10:49:22,14.76
2025-04-27-11:06:43,14.76
2025-04-27-11:24:28,13.76
2025-04-27-11:37:32,13.76
2025-04-27-11:49:24,13.76
2025-04-27-12:15:08,11.76
2025-04-27-12:54:06,11.76
2025-04-27-13:23:47,10.76
2025-04-27-13:39:04,10.76
2025-04-27-13:50:54,10.76
2025-04-27-14:10:22,10.76
2025-04-27-14:30:36,11.76
2025-04-27-14:42:31,11.76
2025-04-27-14:54:30,11.76
2025-04-27-15:19:22,12.21
2025-04-27-15:34:18,10.76
2025-04-27-15:46:26,10.76
2025-04-27-15:58:12,10.76
2025-04-27-16:29:40,9.76
2025-04-27-16:47:34,9.76
2025-04-27-16:59:28,9.76
2025-04-27-17:23:55,10.76
2025-04-27-17:38:27,10.76
2025-04-27-17:50:17,10.76
2025-04-27-18:13:49,10.76
2025-04-27-18:39:21,10.76
2025-04-27-18:51:25,10.76
2025-04-27-19:11:04,11.68
2025-04-27-19:26:12,10.76
2025-04-27-19:38:44,10.76
2025-04-27-19:50:26,10.76
2025-04-27-20:11:49,7.76
2025-04-27-20:31:43,7.76
2025-04-27-20:44:04,7.76
2025-04-27-20:55:39,7.76
2025-04-27-21:19:41,7.76
2025-04-27-21:31:56,7.76
2025-04-27-21:43:51,7.76
2025-04-27-21:55:29,7.76
2025-04-27-22:20:19,10.76
2025-04-27-22:37:27,10.76
2025-04-27-22:49:15,10.76
2025-04-27-23:08:22,10.76
2025-04-27-23:29:37,12.76
2025-04-27-23:42:38,12.76
2025-04-27-23:54:07,12.76
2025-04-28-01:41:27,16.76
2025-04-28-03:03:15,17.76
2025-04-28-03:47:01,18.76
2025-04-28-04:00:41,18.76
2025-04-28-04:33:20,18.76
2025-04-28-04:50:58,18.76
2025-04-28-05:17:46,21.04
2025-04-28-05:48:08,19.76
2025-04-28-06:19:42,19.76
2025-04-28-06:51:39,19.76
2025-04-28-07:39:33,19.76
2025-04-28-08:27:37,18.76
2025-04-28-10:32:01,16.76
2025-04-28-11:27:25,14.76
2025-04-28-11:46:27,14.76
2025-04-28-11:58:13,14.76
2025-04-28-13:03:12,13.76
2025-04-28-13:46:46,11.76
2025-04-28-13:59:41,11.76
2025-04-28-14:32:03,11.76
2025-04-28-14:51:24,11.76
2025-04-28-15:14:38,9.76
2025-04-28-15:35:59,9.76
2025-04-28-15:48:47,9.76
2025-04-28-16:09:35,10.76
2025-04-28-16:38:03,10.76
2025-04-28-16:52:57,10.76
2025-04-28-17:14:46,12.82
2025-04-28-17:33:42,7.76
2025-04-28-17:45:31,7.76
2025-04-28-17:57:08,7.76
2025-04-28-18:35:31,6.76
2025-04-28-18:52:02,6.76
2025-04-28-19:11:59,6.76
2025-04-28-19:26:35,7.76
2025-04-28-19:39:49,7.76
2025-04-28-19:51:49,7.76
2025-04-28-20:15:09,11.41
2025-04-28-20:32:29,5.76
2025-04-28-20:44:57,5.76
2025-04-28-20:56:48,5.76
2025-04-28-21:22:14,6.76
2025-04-28-21:37:23,6.76
2025-04-28-21:49:11,6.76
2025-04-28-22:08:49,6.76
2025-04-28-22:32:58,8.76
2025-04-28-22:45:48,8.76
2025-04-28-22:57:45,8.76
2025-04-28-23:24:14,12.76
2025-04-28-23:38:41,12.76
2025-04-28-23:50:45,12.76
2025-04-29-00:59:03,15.76
2025-04-29-02:41:38,18.76
2025-04-29-03:28:41,18.76
2025-04-29-03:53:22,18.76
2025-04-29-04:20:23,19.76
2025-04-29-04:40:40,19.76
2025-04-29-04:52:44,19.76
2025-04-29-05:16:43,19.76
2025-04-29-05:38:03,19.76
2025-04-29-05:49:53,19.76
2025-04-29-06:15:45,19.76
2025-04-29-06:44:45,19.76
2025-04-29-06:56:37,19.76
2025-04-29-07:26:02,19.76
2025-04-29-07:41:05,19.76
2025-04-29-07:52:55,19.76
2025-04-29-08:24:00,18.76
2025-04-29-08:48:22,18.76
2025-04-29-08:59:54,18.76
2025-04-29-09:29:49,16.76
2025-04-29-09:46:06,16.76
2025-04-29-09:57:38,16.76
2025-04-29-10:30:18,14.76
2025-04-29-10:48:54,14.76
2025-04-29-11:07:10,14.76
2025-04-29-11:26:19,13.76
2025-04-29-11:40:24,13.76
2025-04-29-11:52:18,13.76
2025-04-29-12:33:04,11.76
2025-04-29-13:18:37,15.18
2025-04-29-13:46:56,9.76
2025-04-29-13:58:32,9.76
2025-04-29-14:28:23,10.76
2025-04-29-14:46:53,10.76
2025-04-29-14:58:29,10.76
2025-04-29-15:28:34,11.76
2025-04-29-15:44:55,11.76
2025-04-29-15:56:48,11.76
2025-04-29-16:31:55,8.76
2025-04-29-16:50:52,8.76
2025-04-29-17:11:40,13.7
2025-04-29-17:32:49,9.76
2025-04-29-17:44:55,9.76
2025-04-29-17:56:47,9.76
2025-04-29-18:34:01,10.76
2025-04-29-18:51:12,10.76
2025-04-29-19:10:49,8.76
2025-04-29-19:26:45,8.76
2025-04-29-19:39:42,8.76
2025-04-29-19:51:39,8.76
2025-04-29-20:16:11,8.76
2025-04-29-20:36:43,8.76
2025-04-29-20:50:53,8.76
2025-04-29-21:11:48,7.76
2025-04-29-21:30:00,7.76
2025-04-29-21:42:26,7.76
2025-04-29-21:54:25,7.76
2025-04-29-22:18:49,12.76
2025-04-29-22:38:27,12.76
2025-04-29-22:50:12,12.76
2025-04-29-23:10:27,15.76
2025-04-29-23:29:10,15.76
2025-04-29-23:42:40,15.76
2025-04-29-23:54:42,15.76
2025-04-30-01:44:05,20.76
2025-04-30-02:59:48,22.76
2025-04-30-03:40:30,22.76
2025-04-30-03:56:29,22.76
2025-04-30-04:29:28,24.76
2025-04-30-04:48:56,24.76
2025-04-30-05:08:56,24.76
2025-04-30-05:32:47,24.76
2025-04-30-05:46:06,24.76
2025-04-30-05:57:57,24.76
2025-04-30-06:36:45,24.76
2025-04-30-06:55:00,24.76
2025-04-30-07:20:53,24.76
2025-04-30-07:35:59,24.76
2025-04-30-07:47:52,24.76
2025-04-30-07:59:34,24.76
2025-04-30-08:34:50,23.76
2025-04-30-08:52:50,23.76
2025-04-30-09:17:57,22.76
2025-04-30-09:37:37,22.76
2025-04-30-09:49:29,22.76
2025-04-30-10:10:33,22.76
2025-04-30-10:37:32,20.76
2025-04-30-10:51:10,20.76
2025-04-30-11:10:59,19.58
2025-04-30-11:27:30,19.58
2025-04-30-11:40:26,19.76
2025-04-30-11:52:08,19.76
2025-04-30-12:30:12,17.76
2025-04-30-13:06:07,17.76
2025-04-30-13:37:14,17.76
2025-04-30-13:50:49,17.76
2025-04-30-14:12:26,17.61
2025-04-30-14:37:07,16.76
2025-04-30-14:50:25,16.76
2025-04-30-15:12:33,16.76
2025-04-30-15:34:21,16.76
2025-04-30-15:47:15,16.76
2025-04-30-15:59:05,16.76
2025-04-30-16:33:23,14.76
2025-04-30-16:52:06,14.76
2025-04-30-17:13:21,12.76
2025-04-30-17:33:05,12.76
2025-04-30-17:45:00,12.76
2025-04-30-17:56:34,12.76
2025-04-30-18:34:42,11.76
2025-04-30-18:51:59,11.76
2025-04-30-19:12:00,11.76
2025-04-30-19:25:03,15.76
2025-04-30-19:38:44,15.76
2025-04-30-19:50:50,15.76
2025-04-30-20:13:48,14.76
2025-04-30-20:34:09,14.76
2025-04-30-20:46:55,14.76
2025-04-30-20:58:40,14.76
2025-04-30-21:25:18,13.76
2025-04-30-21:40:18,13.76
2025-04-30-21:52:12,13.76
2025-04-30-22:14:20,16.37
2025-04-30-22:36:33,16.76
2025-04-30-22:48:26,16.76
2025-04-30-23:00:03,16.76
2025-04-30-23:25:17,16.76
2025-04-30-23:40:42,16.76
2025-04-30-23:52:25,16.76
2025-05-01-01:22:31,12.76
2025-05-01-03:03:08,12.76
2025-05-01-03:51:05,13.76
2025-05-01-04:18:40,13.76
2025-05-01-04:43:35,13.76
2025-05-01-04:55:46,13.76
2025-05-01-05:24:00,14.76
2025-05-01-05:41:55,14.76
2025-05-01-05:53:45,14.76
2025-05-01-06:27:59,13.76
2025-05-01-06:50:49,13.76
2025-05-01-07:13:08,13.76
2025-05-01-07:31:07,13.76
2025-05-01-07:42:58,13.76
2025-05-01-07:54:38,13.76
2025-05-01-08:27:16,13.76
2025-05-01-08:48:17,13.76
2025-05-01-08:59:48,13.76
2025-05-01-09:28:19,13.76
2025-05-01-09:43:32,13.76
2025-05-01-09:55:18,13.76
2025-05-01-10:24:22,12.76
2025-05-01-10:44:36,12.76
2025-05-01-10:56:15,12.76
2025-05-01-11:19:37,12.76
2025-05-01-11:32:06,12.76
2025-05-01-11:43:52,12.76
2025-05-01-11:55:39,12.76
2025-05-01-12:45:38,11.76
2025-05-01-13:17:17,11.76
2025-05-01-13:40:41,11.76
2025-05-01-13:52:39,11.76
2025-05-01-14:14:50,10.08
2025-05-01-14:35:55,11.76
2025-05-01-14:47:51,11.76
2025-05-01-14:59:26,11.76
2025-05-01-15:27:29,10.91
2025-05-01-15:44:26,9.76
2025-05-01-15:56:13,9.76
2025-05-01-16:30:46,9.76
2025-05-01-16:50:14,9.76
2025-05-01-17:10:03,9.76
2025-05-01-17:31:29,9.76
2025-05-01-17:43:55,9.76
2025-05-01-17:55:55,9.76
2025-05-01-18:32:36,8.76
2025-05-01-18:51:13,8.76
2025-05-01-19:10:28,8.76
2025-05-01-19:25:49,8.76
2025-05-01-19:39:00,8.76
2025-05-01-19:50:50,8.76
2025-05-01-20:12:35,8.76
2025-05-01-20:32:36,6.76
2025-05-01-20:45:25,6.76
2025-05-01-20:57:05,6.76
2025-05-01-21:22:43,9.96
2025-05-01-21:36:20,7.76
2025-05-01-21:48:12,7.76
2025-05-01-22:00:02,7.76
2025-05-01-22:28:19,9.76
2025-05-01-22:44:44,9.76
2025-05-01-22:56:36,9.76
2025-05-01-23:23:49,11.76
2025-05-01-23:38:51,11.76
2025-05-01-23:50:28,11.76
2025-05-02-00:57:15,12.76
2025-05-02-02:41:38,16.76
2025-05-02-03:31:19,16.76
2025-05-02-03:56:01,16.76
2025-05-02-04:27:56,16.76
2025-05-02-04:47:00,16.76
2025-05-02-04:58:48,16.76
2025-05-02-05:27:19,16.76
2025-05-02-05:44:02,16.76
2025-05-02-05:55:41,16.76
2025-05-02-06:33:13,17.76
2025-05-02-06:51:58,17.76
2025-05-02-07:14:40,17.76
2025-05-02-07:31:34,17.76
2025-05-02-07:43:22,17.76
2025-05-02-07:55:03,17.76
2025-05-02-08:28:39,15.76
2025-05-02-08:49:13,15.76
2025-05-02-09:09:23,15.76
2025-05-02-09:31:20,14.76
2025-05-02-09:44:14,14.76
2025-05-02-09:55:56,14.76
2025-05-02-10:25:21,13.76
2025-05-02-10:44:33,13.76
2025-05-02-10:56:12,13.76
2025-05-02-11:20:06,12.76
2025-05-02-11:32:54,12.76
2025-05-02-11:44:32,12.76
2025-05-02-11:56:18,12.76
2025-05-02-12:49:48,12.76
2025-05-02-13:21:05,12.76
2025-05-02-13:42:23,12.76
2025-05-02-13:54:23,12.76
2025-05-02-14:18:53,12.76
2025-05-02-14:39:29,12.76
2025-05-02-14:51:07,12.76
2025-05-02-15:13:16,12.76
2025-05-02-15:33:30,12.76
2025-05-02-15:46:00,12.76
2025-05-02-15:57:32,12.76
2025-05-02-16:32:42,12.76
2025-05-02-16:51:11,12.76
2025-05-02-17:11:40,12.76
2025-05-02-17:32:23,10.76
2025-05-02-17:44:43,10.76
2025-05-02-17:56:34,10.76
2025-05-02-18:34:16,10.76
2025-05-02-18:51:04,10.76
2025-05-02-19:10:42,9.76
2025-05-02-19:26:03,9.76
2025-05-02-19:39:35,9.76
2025-05-02-19:51:30,9.76
2025-05-02-20:15:19,9.76
2025-05-02-20:34:57,8.76
2025-05-02-20:47:33,8.76
2025-05-02-20:59:20,8.76
2025-05-02-21:24:44,8.76
2025-05-02-21:40:11,8.76
2025-05-02-21:51:58,8.76
2025-05-02-22:14:01,8.76
2025-05-02-22:38:13,8.76
2025-05-02-22:50:34,8.76
2025-05-02-23:11:06,8.76
2025-05-02-23:29:46,9.76
2025-05-02-23:42:36,9.76
2025-05-02-23:54:10,9.76
2025-05-03-01:37:12,9.76
2025-05-03-02:55:40,10.76
2025-05-03-03:37:17,10.76
2025-05-03-03:54:53,10.76
2025-05-03-04:24:56,10.83
2025-05-03-04:44:53,12.76
2025-05-03-04:56:42,12.76
2025-05-03-05:25:28,13.76
2025-05-03-05:42:04,13.76
2025-05-03-05:54:02,13.76
2025-05-03-06:25:51,12.76
2025-05-03-06:46:33,12.76
2025-05-03-06:58:15,12.76
2025-05-03-07:23:05,13.76
2025-05-03-07:36:46,13.76
2025-05-03-07:48:44,13.76
2025-05-03-08:09:32,13.76
2025-05-03-08:34:00,13.76
2025-05-03-08:49:03,13.76
2025-05-03-09:07:56,12.62
2025-05-03-09:28:36,12.76
2025-05-03-09:41:32,12.76
2025-05-03-09:53:19,12.76
2025-05-03-10:17:02,13.39
2025-05-03-10:37:57,11.76
2025-05-03-10:49:35,11.76
2025-05-03-11:07:25,10.76
2025-05-03-11:24:50,10.76
2025-05-03-11:37:57,10.76
2025-05-03-11:49:50,10.76
2025-05-03-12:17:19,10.76
2025-05-03-12:55:50,10.76
2025-05-03-13:27:48,9.76
2025-05-03-13:41:50,9.76
2025-05-03-13:53:34,9.76
2025-05-03-14:15:42,9.76
2025-05-03-14:34:28,9.76
2025-05-03-14:46:24,9.76
2025-05-03-14:58:11,9.76
2025-05-03-15:24:46,10.04
2025-05-03-15:39:08,9.76
2025-05-03-15:50:59,9.76
2025-05-03-16:13:56,9.76
2025-05-03-16:39:26,8.76
2025-05-03-16:51:46,8.76
2025-05-03-17:11:20,9.54
2025-05-03-17:30:00,6.76
2025-05-03-17:41:50,6.76
2025-05-03-17:53:54,6.76
2025-05-03-18:24:33,5.76
2025-05-03-18:45:20,5.76
2025-05-03-18:57:03,5.76
2025-05-03-19:18:46,9
2025-05-03-19:30:42,5.76
2025-05-03-19:42:15,5.76
2025-05-03-19:53:51,5.76
2025-05-03-20:19:08,4.76
2025-05-03-20:35:30,4.76
2025-05-03-20:47:09,4.76
2025-05-03-20:58:45,4.76
2025-05-03-21:23:04,8.85
2025-05-03-21:36:03,4.76
2025-05-03-21:47:51,4.76
2025-05-03-21:59:29,4.76
2025-05-03-22:26:05,9.76
2025-05-03-22:42:18,9.76
2025-05-03-22:54:20,9.76
2025-05-03-23:18:04,12.76
2025-05-03-23:31:26,12.76
2025-05-03-23:43:12,12.76
2025-05-03-23:54:46,12.76
2025-05-04-01:54:53,16.76
2025-05-04-03:17:56,17.86
2025-05-04-03:54:15,18.76
2025-05-04-04:24:17,18.76
2025-05-04-04:44:41,18.76
2025-05-04-04:56:29,18.76
2025-05-04-05:24:24,19.76
2025-05-04-05:41:20,19.76
2025-05-04-05:53:11,19.76
2025-05-04-06:23:57,18.76
2025-05-04-06:47:07,18.76
2025-05-04-06:58:51,18.76
2025-05-04-07:23:22,17.76
2025-05-04-07:36:11,17.76
2025-05-04-07:47:58,17.76
2025-05-04-07:59:55,17.76
2025-05-04-08:31:10,17.76
2025-05-04-08:47:19,17.76
2025-05-04-08:58:56,17.76
2025-05-04-09:25:10,16.76
2025-05-04-09:39:20,16.76
2025-05-04-09:51:07,16.76
2025-05-04-10:12:44,14.76
2025-05-04-10:35:52,14.76
2025-05-04-10:47:37,14.76
2025-05-04-10:59:16,14.76
2025-05-04-11:20:33,13.76
2025-05-04-11:33:25,13.76
2025-05-04-11:45:15,13.76
2025-05-04-11:57:11,13.76
2025-05-04-12:48:28,11.76
2025-05-04-13:15:51,14.4
2025-05-04-13:36:54,10.76
2025-05-04-13:48:52,10.76
2025-05-04-14:06:48,10.76
2025-05-04-14:29:47,10.76
2025-05-04-14:42:59,10.76
2025-05-04-14:54:57,10.76
2025-05-04-15:20:30,13.05
2025-05-04-15:35:35,6.76
2025-05-04-15:47:26,6.76
2025-05-04-15:59:11,6.76
2025-05-04-16:30:44,6.76
2025-05-04-16:47:48,6.76
2025-05-04-16:59:48,6.76
2025-05-04-17:23:17,7.76
2025-05-04-17:37:49,7.76
2025-05-04-17:49:50,7.76
2025-05-04-18:12:40,7.76
2025-05-04-18:39:30,7.76
2025-05-04-18:52:36,7.76
2025-05-04-19:12:55,10.81
2025-05-04-19:26:27,7.76
2025-05-04-19:39:25,7.76
2025-05-04-19:51:21,7.76
2025-05-04-20:13:55,7.76
2025-05-04-20:33:01,9.76
2025-05-04-20:45:27,9.76
2025-05-04-20:57:03,9.76
2025-05-04-21:22:38,8.76
2025-05-04-21:36:40,8.76
2025-05-04-21:48:24,8.76
2025-05-04-22:00:02,8.76
2025-05-04-22:26:58,10.76
2025-05-04-22:43:06,10.76
2025-05-04-22:54:43,10.76
2025-05-04-23:19:00,12.76
2025-05-04-23:32:52,12.76
2025-05-04-23:44:43,12.76
2025-05-04-23:56:17,12.76
2025-05-05-02:04:26,14.76
2025-05-05-03:17:03,16.97
2025-05-05-03:52:22,14.76
2025-05-05-04:19:42,14.87
2025-05-05-04:42:10,13.76
2025-05-05-04:55:22,13.76
2025-05-05-05:23:42,12.76
2025-05-05-05:42:33,12.76
2025-05-05-05:54:27,12.76
2025-05-05-06:30:41,13.76
2025-05-05-06:52:39,13.76
2025-05-05-07:17:05,13.76
2025-05-05-07:34:17,13.76
2025-05-05-07:46:15,13.76
2025-05-05-07:57:51,13.76
2025-05-05-08:35:34,13.76
2025-05-05-08:54:17,13.76
2025-05-05-09:22:10,13.85
2025-05-05-09:41:26,12.76
2025-05-05-09:53:19,12.76
2025-05-05-10:19:54,13.74
2025-05-05-10:42:34,12.76
2025-05-05-10:54:32,12.76
2025-05-05-11:17:23,11.76
2025-05-05-11:30:23,11.76
2025-05-05-11:41:57,11.76
2025-05-05-11:53:50,11.76
2025-05-05-12:38:45,12.76
2025-05-05-13:17:50,11.76
2025-05-05-13:42:27,11.76
2025-05-05-13:54:15,11.76
2025-05-05-14:20:25,10.76
2025-05-05-14:42:21,10.76
2025-05-05-14:54:13,10.76
2025-05-05-15:21:15,8.76
2025-05-05-15:39:19,8.76
2025-05-05-15:51:09,8.76
2025-05-05-16:17:17,7.76
2025-05-05-16:44:00,7.76
2025-05-05-16:56:53,7.76
2025-05-05-17:23:18,6.76
2025-05-05-17:39:48,6.76
2025-05-05-17:51:52,6.76
2025-05-05-18:16:53,6.76
2025-05-05-18:42:02,6.76
2025-05-05-18:54:20,6.76
2025-05-05-19:14:21,10.47
2025-05-05-19:27:12,6.76
2025-05-05-19:40:07,6.76
2025-05-05-19:52:13,6.76
2025-05-05-20:17:04,6.76
2025-05-05-20:37:37,6.76
2025-05-05-20:50:32,6.76
2025-05-05-21:10:54,6.76
2025-05-05-21:30:28,5.76
2025-05-05-21:43:33,5.76
2025-05-05-21:55:17,5.76
2025-05-05-22:22:37,8.76
2025-05-05-22:41:33,8.76
2025-05-05-22:53:26,8.76
2025-05-05-23:17:08,12.66
2025-05-05-23:32:50,11.76
2025-05-05-23:45:29,11.76
2025-05-05-23:56:57,11.76
2025-05-06-02:04:03,15.76
2025-05-06-03:13:32,17.76
2025-05-06-03:48:19,17.76
2025-05-06-04:00:08,17.76
2025-05-06-04:32:03,17.76
2025-05-06-04:50:29,17.76
2025-05-06-05:12:19,17.76
2025-05-06-05:35:29,17.76
2025-05-06-05:47:57,17.76
2025-05-06-05:59:34,17.76
2025-05-06-06:37:20,18.76
2025-05-06-06:53:44,18.76
2025-05-06-07:19:04,18.76
2025-05-06-07:36:34,18.76
2025-05-06-07:48:26,18.76
2025-05-06-08:00:20,18.76
2025-05-06-08:35:39,17.76
2025-05-06-08:53:50,17.76
2025-05-06-09:20:44,16.76
2025-05-06-09:39:18,16.76
2025-05-06-09:51:19,16.76
2025-05-06-10:14:36,16.76
2025-05-06-10:40:48,14.76
2025-05-06-10:52:41,14.76
2025-05-06-11:13:51,14.76
2025-05-06-11:29:26,13.76
2025-05-06-11:41:48,13.76
2025-05-06-11:53:20,13.76
2025-05-06-12:38:28,11.76
2025-05-06-13:19:49,10.76
2025-05-06-13:45:16,10.76
2025-05-06-13:57:01,10.76
2025-05-06-14:27:00,11.76
2025-05-06-14:47:17,11.76
2025-05-06-14:59:24,11.76
2025-05-06-15:34:17,10.76
2025-05-06-15:50:25,10.76
2025-05-06-16:13:46,13.48
2025-05-06-16:41:43,8.76
2025-05-06-16:55:36,8.76
2025-05-06-17:20:12,7.76
2025-05-06-17:37:58,7.76
2025-05-06-17:49:43,7.76
2025-05-06-18:14:07,7.76
2025-05-06-18:42:32,7.76
2025-05-06-18:55:26,7.76
2025-05-06-19:18:00,8.76
2025-05-06-19:29:52,8.76
2025-05-06-19:41:30,8.76
2025-05-06-19:53:36,8.76
2025-05-06-20:20:29,12
2025-05-06-20:39:00,6.76
2025-05-06-20:50:56,6.76
2025-05-06-21:11:50,6.76
2025-05-06-21:31:01,6.76
2025-05-06-21:43:23,6.76
2025-05-06-21:55:15,6.76
2025-05-06-22:21:27,11.76
2025-05-06-22:40:24,11.76
2025-05-06-22:52:01,11.76
2025-05-06-23:13:46,11.76
2025-05-06-23:31:17,13.76
2025-05-06-23:43:51,13.76
2025-05-06-23:55:38,13.76
2025-05-07-01:55:42,17.76
2025-05-07-03:12:34,18.76
2025-05-07-03:49:28,19.76
2025-05-07-04:12:39,19.76
2025-05-07-04:39:34,17.76
2025-05-07-04:53:50,17.76
2025-05-07-05:19:02,19.39
2025-05-07-05:39:37,19.76
2025-05-07-05:51:37,19.76
2025-05-07-06:20:43,19.29
2025-05-07-06:47:00,19.76
2025-05-07-06:58:42,19.76
2025-05-07-07:26:11,18.76
2025-05-07-07:41:49,18.76
2025-05-07-07:53:39,18.76
2025-05-07-08:26:26,17.76
2025-05-07-08:50:32,17.76
2025-05-07-09:13:19,17.82
2025-05-07-09:36:25,16.76
2025-05-07-09:49:37,16.76
2025-05-07-10:10:52,16.56
2025-05-07-10:40:15,14.76
2025-05-07-10:53:16,14.76
2025-05-07-11:15:37,15.96
2025-05-07-11:30:39,12.76
2025-05-07-11:42:51,12.76
2025-05-07-11:54:17,12.76
2025-05-07-12:42:59,12.76
2025-05-07-13:22:34,11.76
2025-05-07-13:47:51,11.76
2025-05-07-13:59:36,11.76
2025-05-07-14:30:22,10.76
2025-05-07-14:49:46,10.76
2025-05-07-15:11:07,8.76
2025-05-07-15:36:08,8.76
2025-05-07-15:51:09,8.76
2025-05-07-16:16:54,8.76
2025-05-07-16:45:13,8.76
2025-05-07-16:59:30,8.76
2025-05-07-17:26:32,9.76
2025-05-07-17:43:32,9.76
2025-05-07-17:55:29,9.76
2025-05-07-18:31:25,8.76
2025-05-07-18:51:11,8.76
2025-05-07-19:11:18,8.76
2025-05-07-19:27:19,8.76
2025-05-07-19:40:08,8.76
2025-05-07-19:52:04,8.76
2025-05-07-20:16:56,12.12
2025-05-07-20:38:19,6.76
2025-05-07-20:51:17,6.76
2025-05-07-21:12:00,12.12
2025-05-07-21:29:44,6.76
2025-05-07-21:42:29,6.76
2025-05-07-21:54:23,6.76
2025-05-07-22:19:43,10.76
2025-05-07-22:40:00,10.76
2025-05-07-22:51:51,10.76
2025-05-07-23:13:53,10.76
2025-05-07-23:33:05,14.76
2025-05-07-23:45:40,14.76
2025-05-07-23:57:24,14.76
2025-05-08-02:06:09,18.76
2025-05-08-03:16:17,21.76
2025-05-08-03:51:23,21.76
2025-05-08-04:18:01,21.76
2025-05-08-04:41:47,23.76
2025-05-08-04:55:02,23.76
2025-05-08-05:22:30,23.76
2025-05-08-05:41:59,23.76
2025-05-08-05:53:31,23.76
2025-05-08-06:27:39,24.76
2025-05-08-06:51:25,24.76
2025-05-08-07:13:40,25.14
2025-05-08-07:31:52,23.76
2025-05-08-07:44:22,23.76
2025-05-08-07:56:10,23.76
2025-05-08-08:32:44,20.76
2025-05-08-08:52:18,20.76
2025-05-08-09:16:52,18.76
2025-05-08-09:37:02,18.76
2025-05-08-09:48:54,18.76
2025-05-08-10:09:38,16.76
2025-05-08-10:37:53,16.76
2025-05-08-10:52:02,16.76
2025-05-08-11:13:02,16.76
2025-05-08-11:29:32,16.76
2025-05-08-11:42:12,16.76
2025-05-08-11:54:05,16.76
2025-05-08-12:40:07,15.76
2025-05-08-13:19:29,15.76
2025-05-08-13:41:12,15.76
2025-05-08-13:53:10,15.76
2025-05-08-14:15:38,15.76
2025-05-08-14:39:37,15.76
2025-05-08-14:51:15,15.76
2025-05-08-15:14:14,15.76
2025-05-08-15:37:29,15.76
2025-05-08-15:50:42,15.76
2025-05-08-16:15:36,17.71
2025-05-08-16:44:04,17.36
2025-05-08-16:58:19,17.36
2025-05-08-17:24:24,17.48
2025-05-08-17:39:51,15.76
2025-05-08-17:51:49,15.76
2025-05-08-18:20:28,17.23
2025-05-08-18:46:11,14.76
2025-05-08-18:57:58,14.76
2025-05-08-19:22:01,17.16
2025-05-08-19:35:36,14.76
2025-05-08-19:47:43,14.76
2025-05-08-19:59:25,14.76
2025-05-08-20:29:38,14.76
2025-05-08-20:46:08,14.76
2025-05-08-20:58:02,14.76
2025-05-08-21:24:49,14.76
2025-05-08-21:39:50,14.76
2025-05-08-21:51:38,14.76
2025-05-08-22:13:23,14.76
2025-05-08-22:36:10,14.76
2025-05-08-22:48:41,14.76
2025-05-08-23:08:18,14.76
2025-05-08-23:29:45,14.76
2025-05-08-23:43:56,14.76
2025-05-08-23:55:33,14.76
2025-05-09-01:54:39,14.76
2025-05-09-03:10:59,14.76
2025-05-09-03:48:24,15.76
2025-05-09-04:11:17,15.76
2025-05-09-04:39:05,14.76
2025-05-09-04:52:46,14.76
2025-05-09-05:16:43,13.76
2025-05-09-05:38:29,13.76
2025-05-09-05:50:26,14.76
2025-05-09-06:17:27,14.76
2025-05-09-06:45:23,14.76
2025-05-09-06:57:51,14.76
2025-05-09-07:25:30,14.76
2025-05-09-07:40:02,14.76
2025-05-09-07:52:09,14.76
2025-05-09-08:20:16,14.76
2025-05-09-08:43:56,14.76
2025-05-09-08:56:55,14.76
2025-05-09-09:27:38,14.76
2025-05-09-09:43:48,14.76
2025-05-09-09:55:46,14.76
2025-05-09-10:25:24,14.76
2025-05-09-10:45:00,14.76
2025-05-09-10:56:43,14.76
2025-05-09-11:20:46,14.76
2025-05-09-11:35:04,14.76
2025-05-09-11:46:59,14.76
2025-05-09-11:58:38,14.76
2025-05-09-12:52:27,14.76
2025-05-09-13:26:17,14.76
2025-05-09-13:45:58,14.76
2025-05-09-13:57:33,14.76
2025-05-09-14:26:07,14.76
2025-05-09-14:44:36,14.76
2025-05-09-14:56:30,14.76
2025-05-09-15:26:24,15.76
2025-05-09-15:55:06,15.76
2025-05-09-16:27:42,14.76
2025-05-09-16:47:42,14.76
2025-05-09-16:59:17,14.76
2025-05-09-17:24:43,14.76
2025-05-09-17:40:44,14.76
2025-05-09-17:52:36,14.76
2025-05-09-18:22:19,13.52
2025-05-09-18:46:21,13.76
2025-05-09-18:58:02,13.76
2025-05-09-19:20:35,12.82
2025-05-09-19:33:30,11.76
2025-05-09-19:45:29,11.76
2025-05-09-19:57:04,11.76
2025-05-09-20:27:48,11.76
2025-05-09-20:44:04,11.76
2025-05-09-20:55:55,11.76
2025-05-09-21:21:26,12.76
2025-05-09-21:35:57,12.76
2025-05-09-21:47:37,12.76
2025-05-09-21:59:15,12.76
2025-05-09-22:26:55,11.76
2025-05-09-22:43:36,11.76
2025-05-09-22:55:44,11.76
2025-05-09-23:21:19,11.76
2025-05-09-23:35:53,11.76
2025-05-09-23:47:39,11.76
2025-05-09-23:59:16,11.76
2025-05-10-02:01:00,11.76
2025-05-10-03:09:50,11.76
2025-05-10-03:44:54,11.76
2025-05-10-03:57:55,11.76
2025-05-10-04:30:45,12.76
2025-05-10-04:49:02,12.76
2025-05-10-05:08:00,12.76
2025-05-10-05:30:48,12.76
2025-05-10-05:43:57,12.76
2025-05-10-05:55:49,12.76
2025-05-10-06:30:34,13.76
2025-05-10-06:48:11,13.76
2025-05-10-06:59:49,13.76
2025-05-10-07:23:10,14.12
2025-05-10-07:35:51,12.76
2025-05-10-07:47:39,12.76
2025-05-10-07:59:18,12.76
2025-05-10-08:30:56,11.76
2025-05-10-08:47:51,11.76
2025-05-10-08:59:32,11.76
2025-05-10-09:25:12,12.76
2025-05-10-09:38:47,12.76
2025-05-10-09:50:50,12.76
2025-05-10-10:12:01,12.76
2025-05-10-10:35:58,12.76
2025-05-10-10:48:59,12.76
2025-05-10-11:04:24,12.76
2025-05-10-11:23:33,12.76
2025-05-10-11:36:38,12.76
2025-05-10-11:48:30,12.76
2025-05-10-12:00:17,12.76
2025-05-10-12:49:20,11.76
2025-05-10-13:17:10,11.76
2025-05-10-13:37:09,11.76
2025-05-10-13:49:07,11.76
2025-05-10-14:07:08,11.76
2025-05-10-14:29:37,11.76
2025-05-10-14:42:47,11.76
2025-05-10-14:54:42,11.76
2025-05-10-15:19:56,10.76
2025-05-10-15:35:23,10.76
2025-05-10-15:47:17,10.76
2025-05-10-15:59:08,10.76
2025-05-10-16:31:51,10.76
2025-05-10-16:49:48,10.76
2025-05-10-17:07:38,10.76
2025-05-10-17:28:00,10.76
2025-05-10-17:40:23,10.76
2025-05-10-17:52:32,10.76
2025-05-10-18:19:38,12.13
2025-05-10-18:41:09,11.76
2025-05-10-18:52:40,11.76
2025-05-10-19:11:47,11.76
2025-05-10-19:25:26,11.76
2025-05-10-19:38:23,11.76
2025-05-10-19:50:07,11.76
2025-05-10-20:10:54,10.76
2025-05-10-20:30:38,10.76
2025-05-10-20:43:55,10.76
2025-05-10-20:55:32,10.76
2025-05-10-21:19:05,11.17
2025-05-10-21:30:58,11.76
2025-05-10-21:42:49,11.76
2025-05-10-21:54:43,11.76
2025-05-10-22:18:17,12.76
2025-05-10-22:35:55,12.76
2025-05-10-22:47:47,12.76
2025-05-10-22:59:33,12.76
2025-05-10-23:23:36,13.76
2025-05-10-23:36:58,13.76
2025-05-10-23:48:43,13.76
2025-05-11-00:43:21,13.76
2025-05-11-02:29:20,15.76
2025-05-11-03:31:32,17.76
2025-05-11-03:58:35,17.76
2025-05-11-04:31:38,18.76
2025-05-11-04:48:05,18.76
2025-05-11-05:00:03,18.76
2025-05-11-05:27:05,19.76
2025-05-11-05:44:02,19.76
2025-05-11-05:55:48,19.76
2025-05-11-06:31:17,18.76
2025-05-11-06:49:36,18.76
2025-05-11-07:09:06,18.76
2025-05-11-07:27:28,18.76
2025-05-11-07:40:47,18.76
2025-05-11-07:52:46,18.76
2025-05-11-08:20:02,18.76
2025-05-11-08:41:42,18.76
2025-05-11-08:55:48,18.76
2025-05-11-09:22:36,17.76
2025-05-11-09:38:11,17.76
2025-05-11-09:49:53,17.76
2025-05-11-10:09:47,15.76
2025-05-11-10:33:08,15.76
2025-05-11-10:45:06,15.76
2025-05-11-10:57:02,15.76
2025-05-11-11:19:02,13.76
2025-05-11-11:31:09,13.76
2025-05-11-11:43:03,13.76
2025-05-11-11:54:53,13.76
2025-05-11-12:39:09,12.76
2025-05-11-13:11:43,12.76
2025-05-11-13:33:58,12.76
2025-05-11-13:46:02,12.76
2025-05-11-13:58:02,12.76
2025-05-11-14:24:13,11.76
2025-05-11-14:40:19,11.76
2025-05-11-14:52:17,11.76
2025-05-11-15:14:08,10.76
2025-05-11-15:32:16,10.76
2025-05-11-15:44:15,10.76
2025-05-11-15:55:46,10.76
2025-05-11-16:27:20,8.76
2025-05-11-16:45:56,8.76
2025-05-11-16:57:43,8.76
2025-05-11-17:20:51,8.76
2025-05-11-17:35:56,8.76
2025-05-11-17:47:42,8.76
2025-05-11-17:59:25,8.76
2025-05-11-18:33:03,9.76
2025-05-11-18:48:42,9.76
2025-05-11-19:01:13,9.76
2025-05-11-19:20:16,11.85
2025-05-11-19:32:55,8.76
2025-05-11-19:44:36,8.76
2025-05-11-19:56:22,8.76
2025-05-11-20:25:06,8.76
2025-05-11-20:40:20,8.76
2025-05-11-20:52:15,8.76
2025-05-11-21:13:15,8.78
2025-05-11-21:29:24,9.76
2025-05-11-21:41:06,9.76
2025-05-11-21:52:55,9.76
2025-05-11-22:15:21,9.76
2025-05-11-22:35:28,11.76
2025-05-11-22:47:16,11.76
2025-05-11-22:58:59,11.76
2025-05-11-23:24:03,13.76
2025-05-11-23:38:08,13.76
2025-05-11-23:49:42,13.76
2025-05-12-00:53:44,16.76
2025-05-12-02:43:45,19.76
2025-05-12-03:35:29,21.76
2025-05-12-04:00:25,21.76
2025-05-12-04:33:49,21.76
2025-05-12-04:50:29,21.76
2025-05-12-05:13:05,21.76
2025-05-12-05:37:10,22.76
2025-05-12-05:49:30,22.76
2025-05-12-06:15:12,22.76
2025-05-12-06:46:30,22.76
2025-05-12-06:58:36,22.76
2025-05-12-07:26:46,22.76
2025-05-12-07:41:50,22.76
2025-05-12-07:53:28,22.76
2025-05-12-08:25:59,23.66
2025-05-12-08:49:58,22.76
2025-05-12-09:12:43,21.76
2025-05-12-09:36:19,21.76
2025-05-12-09:49:34,21.76
2025-05-12-10:11:36,21.76
2025-05-12-10:40:56,18.81
2025-05-12-10:53:35,18.34
2025-05-12-11:16:06,18.34
2025-05-12-11:30:39,18.34
2025-05-12-11:42:41,16.93
2025-05-12-11:54:14,16.93
2025-05-12-12:42:18,17.45
2025-05-12-13:21:45,17.45
2025-05-12-13:46:20,17
2025-05-12-13:58:16,17
2025-05-12-14:29:07,17
2025-05-12-14:49:05,16.55
2025-05-12-15:09:31,16.55
2025-05-12-15:35:11,16.55
2025-05-12-15:50:09,16.12
2025-05-12-16:14:11,16.12
2025-05-12-16:44:06,15.78
2025-05-12-16:57:57,15.78
2025-05-12-17:24:28,15.78
2025-05-12-17:41:23,15.43
2025-05-12-17:53:24,15.43
2025-05-12-18:25:49,15.43
2025-05-12-18:49:52,15.32
2025-05-12-19:08:47,15.32
2025-05-12-19:25:50,15.32
2025-05-12-19:39:06,14.83
2025-05-12-19:50:56,14.83
2025-05-12-20:14:31,14.83
2025-05-12-20:36:25,14.83
2025-05-12-20:50:37,14.78
2025-05-12-21:11:25,14.78
2025-05-12-21:30:47,14.78
2025-05-12-21:43:19,15.94
2025-05-12-21:55:07,15.94
2025-05-12-22:21:34,15.94
2025-05-12-22:41:00,18.13
2025-05-12-22:53:09,18.13
2025-05-12-23:16:23,18.13
2025-05-12-23:32:04,18.13
2025-05-12-23:43:59,19.99
2025-05-12-23:55:53,19.99
2025-05-13-01:59:14,23.61
2025-05-13-03:15:48,24.95
2025-05-13-03:51:31,25.24
2025-05-13-04:18:05,25.24
2025-05-13-04:41:40,25.24
2025-05-13-04:54:22,25.28
2025-05-13-05:20:07,25.28
2025-05-13-05:40:07,25.28
2025-05-13-05:51:48,25.15
2025-05-13-06:21:21,25.15
2025-05-13-06:47:46,24.63
2025-05-13-06:59:36,24.63
2025-05-13-07:27:13,24.63
2025-05-13-07:42:16,24.74
2025-05-13-07:54:12,24.74
2025-05-13-08:28:10,24.74
2025-05-13-08:51:27,23.67
2025-05-13-09:15:21,23.67
2025-05-13-09:37:26,22.66
2025-05-13-09:49:52,22.66
2025-05-13-10:11:46,22.66
2025-05-13-10:41:18,20.21
2025-05-13-10:53:54,20.21
2025-05-13-11:16:52,20.21
2025-05-13-11:31:08,20.21
2025-05-13-11:43:39,19.4
2025-05-13-11:55:13,19.4
2025-05-13-12:48:58,19.09
2025-05-13-13:24:46,19.09
2025-05-13-13:49:28,18.4
2025-05-13-14:10:04,18.4
2025-05-13-14:38:20,17.91
2025-05-13-14:53:47,17.91
2025-05-13-15:20:11,17.91
2025-05-13-15:40:37,17.35
2025-05-13-15:53:21,17.35
2025-05-13-16:23:46,17.35
2025-05-13-16:48:48,16.87
2025-05-13-17:00:54,16.87
2025-05-13-17:27:32,16.87
2025-05-13-17:43:47,16.33
2025-05-13-17:55:37,16.33
2025-05-13-18:32:09,15.89
2025-05-13-18:51:28,15.89
2025-05-13-19:11:18,15.89
2025-05-13-19:27:34,15.89
2025-05-13-19:40:05,15.45
2025-05-13-19:51:50,15.45
2025-05-13-20:16:34,15.45
2025-05-13-20:37:52,15.32
2025-05-13-20:50:42,15.32
2025-05-13-21:11:39,15.32
2025-05-13-21:30:34,15.32
2025-05-13-21:43:21,16.56
2025-05-13-21:55:10,16.56
2025-05-13-22:22:07,16.56
2025-05-13-22:41:19,18.71
2025-05-13-22:53:14,18.71
2025-05-13-23:17:05,18.71
2025-05-13-23:32:56,18.71
2025-05-13-23:44:43,20.7
2025-05-13-23:56:23,20.7
2025-05-14-02:02:56,23.89
2025-05-14-03:14:50,24.79
2025-05-14-03:50:34,25.21
2025-05-14-04:15:52,25.21
2025-05-14-04:40:47,25.6
2025-05-14-04:54:27,25.6
2025-05-14-05:20:16,25.6
2025-05-14-05:40:37,25.41
2025-05-14-05:52:27,25.41
2025-05-14-06:23:24,25.69
2025-05-14-06:49:31,25.14
2025-05-14-07:10:26,25.14
2025-05-14-07:30:40,25.14
2025-05-14-07:43:56,24.2
2025-05-14-07:55:29,24.2
2025-05-14-08:31:05,24.2
2025-05-14-08:52:22,22.97
2025-05-14-09:17:14,22.97
2025-05-14-09:37:29,22.97
2025-05-14-09:49:07,21.79
2025-05-14-10:10:03,21.79
2025-05-14-10:38:18,20.94
2025-05-14-10:52:04,20.94
2025-05-14-11:13:02,20.94
2025-05-14-11:29:32,20.94
2025-05-14-11:42:40,20.32
2025-05-14-11:54:21,20.32
2025-05-14-12:41:07,19.58
2025-05-14-13:20:13,19.58
2025-05-14-13:44:41,19.39
2025-05-14-13:56:26,19.39
2025-05-14-14:26:25,19.39
2025-05-14-14:44:47,19.56
2025-05-14-14:56:23,19.56
2025-05-14-15:27:27,19.56
2025-05-14-15:44:54,19.3
2025-05-14-15:56:43,19.3
2025-05-14-16:32:46,19.3
2025-05-14-16:52:33,18.21
2025-05-14-17:14:26,18.21
2025-05-14-17:35:18,16.82
2025-05-14-17:47:00,16.82
2025-05-14-17:58:34,16.82
2025-05-14-18:35:20,16.82
2025-05-14-18:52:03,16.09
2025-05-14-19:12:16,16.09
2025-05-14-19:26:14,16.09
2025-05-14-19:39:50,16.09
2025-05-14-19:51:58,16.35
2025-05-14-20:13:23,16.35
2025-05-14-20:30:30,16.35
2025-05-14-20:42:44,16.56
2025-05-14-20:54:36,16.56
2025-05-14-21:16:30,16.56
2025-05-14-21:28:22,16.56
2025-05-14-21:40:15,16.24
2025-05-14-21:52:24,16.24
2025-05-14-22:12:37,16.24
2025-05-14-22:30:46,16.24
2025-05-14-22:42:35,15.96
2025-05-14-22:54:28,15.96
2025-05-14-23:18:45,15.96
2025-05-14-23:34:17,15.68
2025-05-14-23:46:56,15.68
2025-05-14-23:58:46,16.08
2025-05-15-02:04:36,15.83
2025-05-15-03:15:11,15.88
2025-05-15-03:50:30,15.71
2025-05-15-04:15:32,15.71
2025-05-15-04:40:52,15.75
2025-05-15-04:54:18,15.75
2025-05-15-05:20:37,15.75
2025-05-15-05:40:20,16.04
2025-05-15-05:52:00,16.04
2025-05-15-06:22:33,16.04
2025-05-15-06:49:17,18.67
2025-05-15-07:09:48,18.67
2025-05-15-07:30:25,18.67
2025-05-15-07:43:21,18.53
2025-05-15-07:54:59,18.53
2025-05-15-08:30:12,18.53
2025-05-15-08:51:41,18.01
2025-05-15-09:15:48,18.01
2025-05-15-09:36:38,17.81
2025-05-15-09:48:51,17.81
2025-05-15-10:09:40,17.81
2025-05-15-10:39:31,17.22
2025-05-15-10:53:02,17.22
2025-05-15-11:14:55,17.22
2025-05-15-11:30:16,17.22
2025-05-15-11:43:02,16.85
2025-05-15-11:54:35,16.85
2025-05-15-12:42:25,16.52
2025-05-15-13:19:09,16.3
2025-05-15-13:44:00,15.93
2025-05-15-13:55:38,15.93
2025-05-15-14:24:33,15.93
2025-05-15-14:43:51,15.78
2025-05-15-14:55:35,15.78
2025-05-15-15:24:11,15.78
2025-05-15-15:41:39,15.78
2025-05-15-15:53:42,15.89
2025-05-15-16:24:45,15.89
2025-05-15-16:48:36,16.22
2025-05-15-17:00:11,16.22
2025-05-15-17:26:39,16.22
2025-05-15-17:42:49,16.32
2025-05-15-17:54:30,16.32
2025-05-15-18:29:50,16.32
2025-05-15-18:51:58,16.66
2025-05-15-19:11:50,16.66
2025-05-15-19:27:16,16.66
2025-05-15-19:40:22,16.57
2025-05-15-19:52:14,16.57
2025-05-15-20:17:46,16.57
2025-05-15-20:38:20,16.77
2025-05-15-20:50:53,16.77
2025-05-15-21:31:09,16.77
2025-05-15-21:43:20,17.09
2025-05-15-21:55:08,17.09
2025-05-15-22:20:55,17.09
2025-05-15-22:40:18,18.09
2025-05-15-22:51:51,18.09
2025-05-15-23:14:06,18.09
2025-05-15-23:31:35,18.09
2025-05-15-23:44:21,18.69
2025-05-15-23:56:11,18.69
2025-05-16-02:02:28,20.2
2025-05-16-03:16:47,21.13
2025-05-16-03:52:38,21.89
2025-05-16-04:20:38,21.89
2025-05-16-04:43:19,21.35
2025-05-16-04:55:26,21.35
2025-05-16-05:23:21,21.35
2025-05-16-05:42:19,20.71
2025-05-16-05:53:54,20.71
2025-05-16-06:28:42,20.71
2025-05-16-06:51:57,19.97
2025-05-16-07:14:55,19.34
2025-05-16-07:32:23,19.34
2025-05-16-07:44:11,18.91
2025-05-16-07:55:57,18.91
2025-05-16-08:32:28,18.91
2025-05-16-08:52:26,18.65
2025-05-16-09:17:03,18.65
2025-05-16-09:37:25,18.41
2025-05-16-09:49:14,18.41
2025-05-16-10:09:58,18.41
2025-05-16-10:37:51,18.41
2025-05-16-10:52:02,18.06
2025-05-16-11:13:08,18.06
2025-05-16-11:29:17,18.06
2025-05-16-11:41:54,17.78
2025-05-16-11:53:45,17.78
2025-05-16-12:38:48,17.95
2025-05-16-13:18:34,17.76
2025-05-16-13:43:13,17.61
2025-05-16-13:54:47,17.61
2025-05-16-14:20:34,17.61
2025-05-16-14:41:31,17.61
2025-05-16-14:53:23,17.51
2025-05-16-15:17:02,17.51
2025-05-16-15:35:46,17.51
2025-05-16-15:48:38,16.79
2025-05-16-16:00:07,16.79
2025-05-16-16:34:15,16.79
2025-05-16-16:52:58,16.44
2025-05-16-17:14:03,16.44
2025-05-16-17:33:02,16.44
2025-05-16-17:45:01,16.26
2025-05-16-17:56:32,16.26
2025-05-16-18:34:53,16.29
2025-05-16-18:52:23,16.29
2025-05-16-19:12:55,16.29
2025-05-16-19:26:05,16.29
2025-05-16-19:39:37,16.01
2025-05-16-19:51:42,16.01
2025-05-16-20:15:52,16.01
2025-05-16-20:35:57,16.17
2025-05-16-20:48:35,16.17
2025-05-16-21:00:18,16.17
2025-05-16-21:25:08,16.17
2025-05-16-21:39:41,17.34
2025-05-16-21:51:40,17.34
2025-05-16-22:13:20,17.34
2025-05-16-22:35:55,18.54
2025-05-16-22:48:01,18.54
2025-05-16-22:59:36,18.54
2025-05-16-23:25:16,18.54
2025-05-16-23:40:03,19.65
2025-05-16-23:51:52,19.65
2025-05-17-01:11:02,20.95
2025-05-17-02:45:44,22.84
2025-05-17-03:31:07,22.84
2025-05-17-03:53:49,23.05
2025-05-17-04:22:12,23.05
2025-05-17-04:41:58,23.26
2025-05-17-04:53:31,23.26
2025-05-17-05:16:58,23.26
2025-05-17-05:36:44,22.48
2025-05-17-05:48:36,22.48
2025-05-17-06:00:49,22.48
2025-05-17-06:35:38,22.48
2025-05-17-06:51:20,18.54
2025-05-17-07:12:14,18.54
2025-05-17-07:28:52,18.54
2025-05-17-07:40:47,16.59
2025-05-17-07:52:31,16.59
2025-05-17-08:19:20,16.59
2025-05-17-08:40:16,15.94
2025-05-17-08:53:02,15.94
2025-05-17-09:16:37,15.94
2025-05-17-09:32:39,15.94
2025-05-17-09:44:20,15.76
2025-05-17-09:56:09,15.76
2025-05-17-10:25:54,15.76
2025-05-17-10:43:20,15.21
2025-05-17-10:55:01,15.21
2025-05-17-11:16:26,15.21
2025-05-17-11:28:23,15.21
2025-05-17-11:40:04,14.94
2025-05-17-11:52:03,14.94
2025-05-17-12:27:26,15.22
2025-05-17-13:02:17,14.93
2025-05-17-13:31:27,14.93
2025-05-17-13:43:49,14.72
2025-05-17-13:55:37,14.72
2025-05-17-14:19:42,14.72
2025-05-17-14:36:59,14.72
2025-05-17-14:48:57,13.21
2025-05-17-15:06:55,13.21
2025-05-17-15:28:31,13.21
2025-05-17-15:41:41,12.59
2025-05-17-15:53:47,12.59
2025-05-17-16:21:53,12.59
2025-05-17-16:44:27,12.18
2025-05-17-16:56:31,12.18
2025-05-17-17:20:19,12.18
2025-05-17-17:36:14,11.75
2025-05-17-17:48:08,11.75
2025-05-17-17:59:47,11.75
2025-05-17-18:34:14,11.38
2025-05-17-18:50:01,11.72
2025-05-17-19:08:50,11.72
2025-05-17-19:26:12,11.72
2025-05-17-19:38:56,11.53
2025-05-17-19:50:49,11.53
2025-05-17-20:12:39,11.53
2025-05-17-20:32:10,11.53
2025-05-17-20:44:47,11.5
2025-05-17-20:56:34,11.5
2025-05-17-21:22:02,11.5
2025-05-17-21:35:43,11.5
2025-05-17-21:47:36,12.22
2025-05-17-21:59:32,12.22
2025-05-17-22:25:28,12.22
2025-05-17-22:41:23,13.47
2025-05-17-22:53:04,13.47
2025-05-17-23:15:45,13.47
2025-05-17-23:30:59,13.47
2025-05-17-23:42:57,15.11
2025-05-17-23:54:33,15.11
2025-05-18-01:51:10,17.98
2025-05-18-03:13:29,19.61
2025-05-18-03:54:57,20.72
2025-05-18-04:28:15,20.72
2025-05-18-04:50:02,21.25
2025-05-18-05:10:45,21.25
2025-05-18-05:33:16,21.25
2025-05-18-05:45:38,20.77
2025-05-18-05:57:20,20.77
2025-05-18-06:35:05,20.77
2025-05-18-06:52:26,20.48
2025-05-18-07:14:01,20.48
2025-05-18-07:29:28,20.48
2025-05-18-07:41:50,19.61
2025-05-18-07:53:20,19.61
2025-05-18-08:20:57,19.61
2025-05-18-08:40:51,18.26
2025-05-18-08:52:46,18.26
2025-05-18-09:15:52,18.26
2025-05-18-09:32:18,18.26
2025-05-18-09:44:11,17.22
2025-05-18-09:56:03,17.22
2025-05-18-10:24:01,17.22
2025-05-18-10:41:34,16.24
2025-05-18-10:53:25,16.24
2025-05-18-11:13:47,16.24
2025-05-18-11:27:22,16.24
2025-05-18-11:40:12,15.81
2025-05-18-11:52:05,15.81
2025-05-18-12:27:48,15.64
2025-05-18-13:03:04,15.27
2025-05-18-13:32:19,15.27
2025-05-18-13:45:02,14.83
2025-05-18-13:56:50,14.83
2025-05-18-14:22:28,14.83
2025-05-18-14:38:22,14.36
2025-05-18-14:50:11,14.36
2025-05-18-15:09:34,14.36
2025-05-18-15:29:07,14.36
2025-05-18-15:42:37,13.98
2025-05-18-15:54:37,13.98
2025-05-18-16:23:37,13.98
2025-05-18-16:43:35,13.53
2025-05-18-16:55:31,13.53
2025-05-18-17:17:59,13.53
2025-05-18-17:33:43,13.53
2025-05-18-17:45:34,13.19
2025-05-18-17:57:17,13.19
2025-05-18-18:33:09,12.79
2025-05-18-18:49:34,12.79
2025-05-18-19:06:53,12.79
2025-05-18-19:23:11,12.79
2025-05-18-19:36:34,12.53
2025-05-18-19:48:17,12.53
2025-05-18-20:00:01,12.53
2025-05-18-20:27:37,12.53
2025-05-18-20:42:33,12.39
2025-05-18-20:54:20,12.39
2025-05-18-21:17:15,12.39
2025-05-18-21:30:32,12.39
2025-05-18-21:42:15,13.62
2025-05-18-21:54:22,13.62
2025-05-18-22:18:12,13.62
2025-05-18-22:37:12,13.76
2025-05-18-22:49:02,13.76
2025-05-18-23:07:38,13.76
2025-05-18-23:28:48,14.76
2025-05-18-23:42:33,14.76
2025-05-18-23:54:26,14.76
2025-05-19-01:48:24,16.76
2025-05-19-03:11:18,18.76
2025-05-19-03:56:17,18.76
2025-05-19-04:33:18,19.76
2025-05-19-04:53:10,19.76
2025-05-19-05:17:49,20.12
2025-05-19-05:39:14,19.76
2025-05-19-05:51:01,19.76
2025-05-19-06:19:54,19.76
2025-05-19-06:48:17,19.76
2025-05-19-06:59:50,19.76
2025-05-19-07:27:46,18.76
2025-05-19-07:42:40,18.76
2025-05-19-07:54:21,18.76
2025-05-19-08:29:52,17.76
2025-05-19-08:52:39,17.76
2025-05-19-09:18:55,17.76
2025-05-19-09:39:31,17.76
2025-05-19-09:51:30,17.76
2025-05-19-10:15:56,16.76
2025-05-19-10:42:34,16.76
2025-05-19-10:54:30,16.76
2025-05-19-11:18:02,16.76
2025-05-19-11:31:47,16.76
2025-05-19-11:43:34,16.76
2025-05-19-11:55:34,16.76
2025-05-19-12:50:32,17.67
2025-05-19-13:26:36,17.46
2025-05-19-13:49:31,17.54
2025-05-19-14:09:58,17.54
2025-05-19-14:37:09,17.57
2025-05-19-14:52:03,17.57
2025-05-19-15:17:06,17.57
2025-05-19-15:38:31,17.49
2025-05-19-15:51:00,17.49
2025-05-19-16:16:14,17.49
2025-05-19-16:44:11,17.36
2025-05-19-16:57:45,17.36
2025-05-19-17:24:36,17.36
2025-05-19-17:41:25,17.11
2025-05-19-17:53:30,17.11
2025-05-19-18:26:47,17.04
2025-05-19-18:50:32,17.04
2025-05-19-19:09:27,17.04
2025-05-19-19:26:02,17.04
2025-05-19-19:39:21,17.25
2025-05-19-19:51:21,17.25
2025-05-19-20:15:07,17.25
2025-05-19-20:36:20,17.31
2025-05-19-20:49:43,17.31
2025-05-19-21:09:20,17.31
2025-05-19-21:29:19,17.31
2025-05-19-21:42:29,17.42
2025-05-19-21:54:27,17.42
2025-05-19-22:19:44,17.42
2025-05-19-22:39:47,17.42
2025-05-19-22:51:33,17.73
2025-05-19-23:13:26,17.73
2025-05-19-23:31:15,17.73
2025-05-19-23:43:59,19.13
2025-05-19-23:55:46,19.13
2025-05-20-01:58:27,19.92
2025-05-20-03:15:49,20.51
2025-05-20-03:51:54,22.7
2025-05-20-04:18:39,22.7
2025-05-20-04:41:39,26.75
2025-05-20-04:54:51,26.75
2025-05-20-05:21:18,26.75
2025-05-20-05:40:56,25.43
2025-05-20-05:52:42,25.43
2025-05-20-06:24:42,25.43
2025-05-20-06:50:39,25.83
2025-05-20-07:12:37,25.83
2025-05-20-07:32:01,25.54
2025-05-20-07:44:44,26.12
2025-05-20-07:56:29,26.12
2025-05-20-08:34:50,26.12
2025-05-20-08:54:59,24.62
2025-05-20-09:24:52,24.62
2025-05-20-09:43:13,23.31
2025-05-20-09:54:51,23.31
2025-05-20-10:24:08,23.31
2025-05-20-10:45:45,22.02
2025-05-20-10:57:20,22.02
2025-05-20-11:22:19,22.02
2025-05-20-11:36:57,20.98
2025-05-20-11:48:53,20.98
2025-05-20-12:16:05,20.98
2025-05-20-13:03:22,21.28
2025-05-20-13:40:24,21.02
2025-05-20-13:55:03,21.02
2025-05-20-14:22:12,21.02
2025-05-20-14:43:49,20.93
2025-05-20-14:55:50,20.93
2025-05-20-15:26:59,20.93
2025-05-20-15:45:10,20.85
2025-05-20-15:56:48,20.85
2025-05-20-16:33:25,20.85
2025-05-20-16:52:31,20.31
2025-05-20-17:14:20,20.31
2025-05-20-17:35:07,20.31
2025-05-20-17:47:09,22.76
2025-05-20-17:58:46,22.76
2025-05-20-18:37:53,21.76
2025-05-20-18:55:01,21.76
2025-05-20-19:17:18,21.76
2025-05-20-19:29:24,21.76
2025-05-20-19:41:13,21.76
2025-05-20-19:53:05,21.76
2025-05-20-20:19:56,21.76
2025-05-20-20:39:30,21.76
2025-05-20-20:51:48,21.76
2025-05-20-21:13:46,21.76
2025-05-20-21:32:38,21.76
2025-05-20-21:44:29,21.76
2025-05-20-21:56:06,21.76
2025-05-20-22:23:22,22.76
2025-05-20-22:41:39,22.76
2025-05-20-22:53:13,22.76
2025-05-20-23:16:22,23.76
2025-05-20-23:32:03,23.76
2025-05-20-23:44:17,23.76
2025-05-20-23:56:12,23.76
2025-05-21-02:02:08,25.76
2025-05-21-03:16:06,27.76
2025-05-21-03:51:28,27.76
2025-05-21-04:18:05,29.37
2025-05-21-04:42:02,28.76
2025-05-21-04:55:32,28.76
2025-05-21-05:23:25,28.76
2025-05-21-05:42:23,28.76
2025-05-21-05:54:22,28.76
2025-05-21-06:30:15,29.76
2025-05-21-06:53:11,29.76
2025-05-21-07:17:39,30.79
2025-05-21-07:34:15,27.76
2025-05-21-07:46:09,27.76
2025-05-21-07:57:45,27.76
2025-05-21-08:34:53,27.76
2025-05-21-08:54:19,27.76
2025-05-21-09:22:45,26.76
2025-05-21-09:41:19,26.76
2025-05-21-09:53:10,26.76
2025-05-21-10:19:28,27.39
2025-05-21-10:42:36,24.76
2025-05-21-10:54:19,24.76
2025-05-21-11:17:28,24.76
2025-05-21-11:31:09,22.76
2025-05-21-11:43:17,22.76
2025-05-21-11:55:15,22.76
2025-05-21-12:48:20,21.76
2025-05-21-13:23:00,20.76
2025-05-21-13:47:02,20.76
2025-05-21-13:58:46,20.76
2025-05-21-14:28:58,20.76
2025-05-21-14:48:08,20.76
2025-05-21-15:00:00,20.76
2025-05-21-15:30:33,19.76
2025-05-21-15:47:04,19.76
2025-05-21-15:58:36,19.76
2025-05-21-16:34:26,19.76
2025-05-21-16:53:47,19.76
2025-05-21-17:16:25,19.76
2025-05-21-17:35:51,19.76
2025-05-21-17:48:00,19.76
2025-05-21-17:59:34,19.76
2025-05-21-18:37:43,18.76
2025-05-21-18:54:23,18.76
2025-05-21-19:16:30,19.76
2025-05-21-19:29:22,19.76
2025-05-21-19:41:11,19.76
2025-05-21-19:53:08,19.76
2025-05-21-20:19:17,19.76
2025-05-21-20:38:40,19.76
2025-05-21-20:50:43,19.76
2025-05-21-21:11:31,19.76
2025-05-21-21:30:35,18.76
2025-05-21-21:43:25,18.76
2025-05-21-21:55:22,18.76
2025-05-21-22:22:04,18.76
2025-05-21-22:40:56,18.76
2025-05-21-22:52:40,18.76
2025-05-21-23:15:33,18.76
2025-05-21-23:31:51,20.76
2025-05-21-23:44:33,20.76
2025-05-21-23:56:13,20.76
2025-05-22-02:01:11,21.76
2025-05-22-03:16:12,24.76
2025-05-22-03:51:37,24.76
2025-05-22-04:19:23,26.76
2025-05-22-04:42:49,26.76
2025-05-22-04:55:35,26.76
2025-05-22-05:23:28,27.76
2025-05-22-05:42:05,27.76
2025-05-22-05:53:56,27.76
2025-05-22-06:28:43,28.76
2025-05-22-06:51:49,28.76
2025-05-22-07:14:40,25.97
2025-05-22-07:32:05,28.76
2025-05-22-07:44:18,28.76
2025-05-22-07:56:03,28.76
2025-05-22-08:32:28,26.76
2025-05-22-08:52:45,26.76
2025-05-22-09:18:15,26.76
2025-05-22-09:38:17,26.76
2025-05-22-09:50:16,26.76
2025-05-22-10:12:38,26.76
2025-05-22-10:40:26,24.76
2025-05-22-10:53:01,24.76
2025-05-22-11:15:22,23.76
2025-05-22-11:30:32,23.76
2025-05-22-11:42:47,23.76
2025-05-22-11:54:47,23.76
2025-05-22-12:44:53,22.76
2025-05-22-13:22:17,20.8
2025-05-22-13:47:04,21.76
2025-05-22-13:58:44,21.76
2025-05-22-14:28:37,20.76
2025-05-22-14:47:53,20.76
2025-05-22-14:59:42,20.76
2025-05-22-15:29:33,21.76
2025-05-22-15:45:50,21.76
2025-05-22-15:57:41,21.76
2025-05-22-16:33:39,20.76
2025-05-22-16:52:45,20.76
2025-05-22-17:15:06,19.09
2025-05-22-17:35:25,19.76
2025-05-22-17:47:15,19.76
2025-05-22-17:58:56,19.76
2025-05-22-18:37:08,18.76
2025-05-22-18:54:08,18.76
2025-05-22-19:16:09,18.76
2025-05-22-19:28:54,18.76
2025-05-22-19:40:58,18.76
2025-05-22-19:52:49,18.76
2025-05-22-20:18:52,19.18
2025-05-22-20:38:26,18.76
2025-05-22-20:50:48,18.76
2025-05-22-21:11:36,18.76
2025-05-22-21:30:26,18.76
2025-05-22-21:43:00,18.76
2025-05-22-21:54:48,18.76
2025-05-22-22:21:00,18.76
2025-05-22-22:40:46,18.76
2025-05-22-22:52:36,18.76
2025-05-22-23:15:32,19.76
2025-05-22-23:32:29,19.76
2025-05-22-23:44:47,19.76
2025-05-22-23:56:38,19.76
2025-05-23-02:05:19,20.76
2025-05-23-03:16:11,20.71
2025-05-23-03:51:21,20.76
2025-05-23-04:17:09,20.88
2025-05-23-04:41:06,21.76
2025-05-23-04:53:56,21.76
2025-05-23-05:19:31,21.62
2025-05-23-05:39:56,22.76
2025-05-23-05:51:47,22.76
2025-05-23-06:20:52,22.56
2025-05-23-06:47:04,20.76
2025-05-23-06:58:53,20.76
2025-05-23-07:26:02,21.76
2025-05-23-07:41:28,21.76
2025-05-23-07:53:08,21.76
2025-05-23-08:24:13,21.76
2025-05-23-08:47:54,21.76
2025-05-23-08:59:36,21.76
2025-05-23-09:29:36,21.8
2025-05-23-09:45:24,20.76
2025-05-23-09:57:33,20.76
2025-05-23-10:29:31,19.76
2025-05-23-10:47:30,19.76
2025-05-23-10:59:26,19.76
2025-05-23-11:22:30,18.76
2025-05-23-11:36:43,18.76
2025-05-23-11:48:29,18.76
2025-05-23-12:00:09,18.76
2025-05-23-12:54:12,16.76
2025-05-23-13:30:20,15.76
2025-05-23-13:47:41,15.76
2025-05-23-13:59:41,15.76
2025-05-23-14:28:54,15.76
2025-05-23-14:46:30,15.76
2025-05-23-14:58:31,15.76
2025-05-23-15:27:56,15.76
2025-05-23-15:43:17,15.76
2025-05-23-15:55:15,15.76
2025-05-23-16:27:41,14.76
2025-05-23-16:48:44,14.76
2025-05-23-17:00:55,14.76
2025-05-23-17:26:37,13.76
2025-05-23-17:43:19,13.76
2025-05-23-17:55:04,13.76
2025-05-23-18:29:30,13.76
2025-05-23-18:50:59,13.76
2025-05-23-19:10:07,13.76
2025-05-23-19:25:53,13.76
2025-05-23-19:39:40,13.76
2025-05-23-19:51:26,13.76
2025-05-23-20:15:37,13.76
2025-05-23-20:36:27,13.76
2025-05-23-20:50:21,13.76
2025-05-23-21:09:19,13.76
2025-05-23-21:27:28,13.76
2025-05-23-21:41:24,13.76
2025-05-23-21:53:16,13.76
2025-05-23-22:17:02,14.01
2025-05-23-22:38:00,13.76
2025-05-23-22:49:36,13.76
2025-05-23-23:09:45,13.76
2025-05-23-23:30:19,14.76
2025-05-23-23:44:02,14.76
2025-05-23-23:55:49,14.76
2025-05-24-01:53:51,16.76
2025-05-24-03:05:44,16.76
2025-05-24-03:43:40,16.76
2025-05-24-03:57:00,16.76
2025-05-24-04:29:41,17.76
2025-05-24-04:47:17,17.76
2025-05-24-04:59:07,17.76
2025-05-24-05:26:39,18.76
2025-05-24-05:43:25,18.76
2025-05-24-05:55:28,18.76
2025-05-24-06:30:02,18.76
2025-05-24-06:48:25,18.76
2025-05-24-07:00:10,18.76
2025-05-24-07:24:17,18.76
2025-05-24-07:37:19,18.76
2025-05-24-07:49:09,18.76
2025-05-24-08:10:35,14.98
2025-05-24-08:35:00,17.76
2025-05-24-08:50:07,17.76
2025-05-24-09:10:05,17.76
